Subject,Year,URL,Understanding of the learning area,Description/Achievement,Content description,Page count WRT PDF's,Count of pages(330 words per page)
English,Foundation Year,https://v9.australiancurriculum.edu.au/f-10-curriculum/learning-areas/english/foundation-year?view=quick&detailed-content-descriptions=0&hide-ccp=0&hide-gc=0&side-by-side=1&strands-start-index=0,4535,517,21968,66,81
English,Year 1,https://v9.australiancurriculum.edu.au/f-10-curriculum/learning-areas/english/year-1?view=quick&detailed-content-descriptions=0&hide-ccp=0&hide-gc=0&side-by-side=1&strands-start-index=0,4535,643,25707,73,93
English,Year 2,https://v9.australiancurriculum.edu.au/f-10-curriculum/learning-areas/english/year-2?view=quick&detailed-content-descriptions=0&hide-ccp=0&hide-gc=0&side-by-side=1&strands-start-index=0,4535,583,27826,76,99
English,Year 3,https://v9.australiancurriculum.edu.au/f-10-curriculum/learning-areas/english/year-3?view=quick&detailed-content-descriptions=0&hide-ccp=0&hide-gc=0&side-by-side=1&strands-start-index=0,4535,527,30102,82,106
English,Year 4,https://v9.australiancurriculum.edu.au/f-10-curriculum/learning-areas/english/year-4?view=quick&detailed-content-descriptions=0&hide-ccp=0&hide-gc=0&side-by-side=1&strands-start-index=0,4535,523,28876,78,102
English,Year 5,https://v9.australiancurriculum.edu.au/f-10-curriculum/learning-areas/english/year-5?view=quick&detailed-content-descriptions=0&hide-ccp=0&hide-gc=0&side-by-side=1&strands-start-index=0,4535,522,25380,69,92
English,Year 6,https://v9.australiancurriculum.edu.au/f-10-curriculum/learning-areas/english/year-6?view=quick&detailed-content-descriptions=0&hide-ccp=0&hide-gc=0&side-by-side=1&strands-start-index=0,4535,514,23267,66,85
English,Year 7,https://v9.australiancurriculum.edu.au/f-10-curriculum/learning-areas/english/year-7?view=quick&detailed-content-descriptions=0&hide-ccp=0&hide-gc=0&side-by-side=1&strands-start-index=0,4535,478,22498,66,83
English,Year 8,https://v9.australiancurriculum.edu.au/f-10-curriculum/learning-areas/english/year-8?view=quick&detailed-content-descriptions=0&hide-ccp=0&hide-gc=0&side-by-side=1&strands-start-index=0,4535,506,22788,66,84
English,Year 9,https://v9.australiancurriculum.edu.au/f-10-curriculum/learning-areas/english/year-9?view=quick&detailed-content-descriptions=0&hide-ccp=0&hide-gc=0&side-by-side=1&strands-start-index=0,4535,549,16353,52,64
English,Year 10,https://v9.australiancurriculum.edu.au/f-10-curriculum/learning-areas/english/year-10?view=quick&detailed-content-descriptions=0&hide-ccp=0&hide-gc=0&side-by-side=1&strands-start-index=0,4535,574,23038,72,85
Mathematics,Foundation Year,https://v9.australiancurriculum.edu.au/f-10-curriculum/learning-areas/mathematics/foundation-year?view=quick&detailed-content-descriptions=0&hide-ccp=0&hide-gc=0&side-by-side=1&strands-start-index=0,5041,380,18135,52,71
Mathematics,Year 1,https://v9.australiancurriculum.edu.au/f-10-curriculum/learning-areas/mathematics/year-1?view=quick&detailed-content-descriptions=0&hide-ccp=0&hide-gc=0&side-by-side=1&strands-start-index=0,5041,457,33799,80,119
Mathematics,Year 2,https://v9.australiancurriculum.edu.au/f-10-curriculum/learning-areas/mathematics/year-2?view=quick&detailed-content-descriptions=0&hide-ccp=0&hide-gc=0&side-by-side=1&strands-start-index=0,5041,518,38533,85,133
Mathematics,Year 3,https://v9.australiancurriculum.edu.au/f-10-curriculum/learning-areas/mathematics/year-3?view=quick&detailed-content-descriptions=0&hide-ccp=0&hide-gc=0&side-by-side=1&strands-start-index=0,5041,586,38926,88,135
Mathematics,Year 4,https://v9.australiancurriculum.edu.au/f-10-curriculum/learning-areas/mathematics/year-4?view=quick&detailed-content-descriptions=0&hide-ccp=0&hide-gc=0&side-by-side=1&strands-start-index=0,5041,555,42425,97,145
Mathematics,Year 5,https://v9.australiancurriculum.edu.au/f-10-curriculum/learning-areas/mathematics/year-5?view=quick&detailed-content-descriptions=0&hide-ccp=0&hide-gc=0&side-by-side=1&strands-start-index=0,5041,532,40690,91,140
Mathematics,Year 6,https://v9.australiancurriculum.edu.au/f-10-curriculum/learning-areas/mathematics/year-6?view=quick&detailed-content-descriptions=0&hide-ccp=0&hide-gc=0&side-by-side=1&strands-start-index=0,5041,555,39126,89,135
Mathematics,Year 7,https://v9.australiancurriculum.edu.au/f-10-curriculum/learning-areas/mathematics/year-7?view=quick&detailed-content-descriptions=0&hide-ccp=0&hide-gc=0&side-by-side=1&strands-start-index=0,5041,685,48513,114,164
Mathematics,Year 8,https://v9.australiancurriculum.edu.au/f-10-curriculum/learning-areas/mathematics/year-8?view=quick&detailed-content-descriptions=0&hide-ccp=0&hide-gc=0&side-by-side=1&strands-start-index=0,5041,700,57375,131,191
Mathematics,Year 9,https://v9.australiancurriculum.edu.au/f-10-curriculum/learning-areas/mathematics/year-9?view=quick&detailed-content-descriptions=0&hide-ccp=0&hide-gc=0&side-by-side=1&strands-start-index=0,5041,698,60671,133,201
Mathematics,Year 10,https://v9.australiancurriculum.edu.au/f-10-curriculum/learning-areas/mathematics/year-10?view=quick&detailed-content-descriptions=0&hide-ccp=0&hide-gc=0&side-by-side=1&strands-start-index=0,5041,621,52578,136,176
Science,Foundation Year,https://v9.australiancurriculum.edu.au/f-10-curriculum/learning-areas/science/foundation-year?view=quick&detailed-content-descriptions=0&hide-ccp=0&hide-gc=0&side-by-side=1&strands-start-index=0,5883,291,18632,59,75
Science,Year 1,https://v9.australiancurriculum.edu.au/f-10-curriculum/learning-areas/science/year-1?view=quick&detailed-content-descriptions=0&hide-ccp=0&hide-gc=0&side-by-side=1&strands-start-index=0,5883,314,24901,68,94
Science,Year 2,https://v9.australiancurriculum.edu.au/f-10-curriculum/learning-areas/science/year-2?view=quick&detailed-content-descriptions=0&hide-ccp=0&hide-gc=0&side-by-side=1&strands-start-index=0,5883,381,27450,75,102
Science,Year 3,https://v9.australiancurriculum.edu.au/f-10-curriculum/learning-areas/science/year-3?view=quick&detailed-content-descriptions=0&hide-ccp=0&hide-gc=0&side-by-side=1&strands-start-index=0,5883,384,37479,95,132
Science,Year 4,https://v9.australiancurriculum.edu.au/f-10-curriculum/learning-areas/science/year-4?view=quick&detailed-content-descriptions=0&hide-ccp=0&hide-gc=0&side-by-side=1&strands-start-index=0,5883,397,32212,82,116
Science,Year 5,https://v9.australiancurriculum.edu.au/f-10-curriculum/learning-areas/science/year-5?view=quick&detailed-content-descriptions=0&hide-ccp=0&hide-gc=0&side-by-side=1&strands-start-index=0,5883,384,32068,82,116
Science,Year 6,https://v9.australiancurriculum.edu.au/f-10-curriculum/learning-areas/science/year-6?view=quick&detailed-content-descriptions=0&hide-ccp=0&hide-gc=0&side-by-side=1&strands-start-index=0,5883,413,33563,86,120
Science,Year 7,https://v9.australiancurriculum.edu.au/f-10-curriculum/learning-areas/science/year-7?view=quick&detailed-content-descriptions=0&hide-ccp=0&hide-gc=0&side-by-side=1&strands-start-index=0,5883,490,42961,110,149
Science,Year 8,https://v9.australiancurriculum.edu.au/f-10-curriculum/learning-areas/science/year-8?view=quick&detailed-content-descriptions=0&hide-ccp=0&hide-gc=0&side-by-side=1&strands-start-index=0,5883,494,52576,131,178
Science,Year 9,https://v9.australiancurriculum.edu.au/f-10-curriculum/learning-areas/science/year-9?view=quick&detailed-content-descriptions=0&hide-ccp=0&hide-gc=0&side-by-side=1&strands-start-index=0,5883,493,56441,141,190
Science,Year 10,https://v9.australiancurriculum.edu.au/f-10-curriculum/learning-areas/science/year-10?view=quick&detailed-content-descriptions=0&hide-ccp=0&hide-gc=0&side-by-side=1&strands-start-index=0,5883,511,58390,149,196
Health and Physical Education,Foundation Year,https://v9.australiancurriculum.edu.au/f-10-curriculum/learning-areas/health-and-physical-education/foundation-year?view=quick&detailed-content-descriptions=0&hide-ccp=0&hide-gc=0&side-by-side=1&strands-start-index=0,5500,337,3747,24,29
Health and Physical Education,Year 1,https://v9.australiancurriculum.edu.au/f-10-curriculum/learning-areas/health-and-physical-education/year-1?view=quick&detailed-content-descriptions=0&hide-ccp=0&hide-gc=0&side-by-side=1&strands-start-index=0,5500,392,4905,26,32
Health and Physical Education,Year 2,https://v9.australiancurriculum.edu.au/f-10-curriculum/learning-areas/health-and-physical-education/year-2?view=quick&detailed-content-descriptions=0&hide-ccp=0&hide-gc=0&side-by-side=1&strands-start-index=0,5500,392,4905,26,32
Health and Physical Education,Year 3,https://v9.australiancurriculum.edu.au/f-10-curriculum/learning-areas/health-and-physical-education/year-3?view=quick&detailed-content-descriptions=0&hide-ccp=0&hide-gc=0&side-by-side=1&strands-start-index=0,5500,381,7407,34,40
Health and Physical Education,Year 4,https://v9.australiancurriculum.edu.au/f-10-curriculum/learning-areas/health-and-physical-education/year-4?view=quick&detailed-content-descriptions=0&hide-ccp=0&hide-gc=0&side-by-side=1&strands-start-index=0,5500,381,7411,34,40
Health and Physical Education,Year 5,https://v9.australiancurriculum.edu.au/f-10-curriculum/learning-areas/health-and-physical-education/year-5?view=quick&detailed-content-descriptions=0&hide-ccp=0&hide-gc=0&side-by-side=1&strands-start-index=0,5500,402,9037,37,45
Health and Physical Education,Year 6,https://v9.australiancurriculum.edu.au/f-10-curriculum/learning-areas/health-and-physical-education/year-6?view=quick&detailed-content-descriptions=0&hide-ccp=0&hide-gc=0&side-by-side=1&strands-start-index=0,5500,402,9037,37,45
Health and Physical Education,Year 7,https://v9.australiancurriculum.edu.au/f-10-curriculum/learning-areas/health-and-physical-education/year-7?view=quick&detailed-content-descriptions=0&hide-ccp=0&hide-gc=0&side-by-side=1&strands-start-index=0,5500,439,9763,39,47
Health and Physical Education,Year 8,https://v9.australiancurriculum.edu.au/f-10-curriculum/learning-areas/health-and-physical-education/year-8?view=quick&detailed-content-descriptions=0&hide-ccp=0&hide-gc=0&side-by-side=1&strands-start-index=0,5500,439,9763,39,47
Health and Physical Education,Year 9,https://v9.australiancurriculum.edu.au/f-10-curriculum/learning-areas/health-and-physical-education/year-9?view=quick&detailed-content-descriptions=0&hide-ccp=0&hide-gc=0&side-by-side=1&strands-start-index=0,5500,498,10284,41,49
Health and Physical Education,Year 10,https://v9.australiancurriculum.edu.au/f-10-curriculum/learning-areas/health-and-physical-education/year-10?view=quick&detailed-content-descriptions=0&hide-ccp=0&hide-gc=0&side-by-side=1&strands-start-index=0,5500,498,10286,41,49
HASS F-6,Foundation Year,https://v9.australiancurriculum.edu.au/f-10-curriculum/learning-areas/hass-f-6/foundation-year?view=quick&detailed-content-descriptions=0&hide-ccp=0&hide-gc=0&side-by-side=1&strands-start-index=0,3597,365,8124,32,36
HASS F-6,Year 1,https://v9.australiancurriculum.edu.au/f-10-curriculum/learning-areas/hass-f-6/year-1?view=quick&detailed-content-descriptions=0&hide-ccp=0&hide-gc=0&side-by-side=1&strands-start-index=0,3597,396,12502,41,49
HASS F-6,Year 2,https://v9.australiancurriculum.edu.au/f-10-curriculum/learning-areas/hass-f-6/year-2?view=quick&detailed-content-descriptions=0&hide-ccp=0&hide-gc=0&side-by-side=1&strands-start-index=0,3597,465,14578,46,56
HASS F-6,Year 3,https://v9.australiancurriculum.edu.au/f-10-curriculum/learning-areas/hass-f-6/year-3?view=quick&detailed-content-descriptions=0&hide-ccp=0&hide-gc=0&side-by-side=1&strands-start-index=0,3597,370,25175,72,88
HASS F-6,Year 4,https://v9.australiancurriculum.edu.au/f-10-curriculum/learning-areas/hass-f-6/year-4?view=quick&detailed-content-descriptions=0&hide-ccp=0&hide-gc=0&side-by-side=1&strands-start-index=0,3597,425,28283,80,97
HASS F-6,Year 5,https://v9.australiancurriculum.edu.au/f-10-curriculum/learning-areas/hass-f-6/year-5?view=quick&detailed-content-descriptions=0&hide-ccp=0&hide-gc=0&side-by-side=1&strands-start-index=0,3597,431,29649,82,102
HASS F-6,Year 6,https://v9.australiancurriculum.edu.au/f-10-curriculum/learning-areas/hass-f-6/year-6?view=quick&detailed-content-descriptions=0&hide-ccp=0&hide-gc=0&side-by-side=1&strands-start-index=0,3597,491,29790,81,102
Civics and Citizenship 7-10,Year 7,https://v9.australiancurriculum.edu.au/f-10-curriculum/learning-areas/civics-and-citizenship-7-10/year-7?view=quick&detailed-content-descriptions=0&hide-ccp=0&hide-gc=0&side-by-side=1&strands-start-index=0,3597,294,21581,63,77
Civics and Citizenship 7-10,Year 8,https://v9.australiancurriculum.edu.au/f-10-curriculum/learning-areas/civics-and-citizenship-7-10/year-8?view=quick&detailed-content-descriptions=0&hide-ccp=0&hide-gc=0&side-by-side=1&strands-start-index=0,3597,294,20897,62,75
Civics and Citizenship 7-10,Year 9,https://v9.australiancurriculum.edu.au/f-10-curriculum/learning-areas/civics-and-citizenship-7-10/year-9?view=quick&detailed-content-descriptions=0&hide-ccp=0&hide-gc=0&side-by-side=1&strands-start-index=0,3597,290,14704,48,56
Civics and Citizenship 7-10,Year 10,https://v9.australiancurriculum.edu.au/f-10-curriculum/learning-areas/civics-and-citizenship-7-10/year-10?view=quick&detailed-content-descriptions=0&hide-ccp=0&hide-gc=0&side-by-side=1&strands-start-index=0,3597,347,15874,51,60
Economics and Business 7-10,Year 7,https://v9.australiancurriculum.edu.au/f-10-curriculum/learning-areas/economics-and-business-7-10/year-7?view=quick&detailed-content-descriptions=0&hide-ccp=0&hide-gc=0&side-by-side=1&strands-start-index=0,3597,337,18729,53,68
Economics and Business 7-10,Year 8,https://v9.australiancurriculum.edu.au/f-10-curriculum/learning-areas/economics-and-business-7-10/year-8?view=quick&detailed-content-descriptions=0&hide-ccp=0&hide-gc=0&side-by-side=1&strands-start-index=0,3597,351,18795,51,68
Economics and Business 7-10,Year 9,https://v9.australiancurriculum.edu.au/f-10-curriculum/learning-areas/economics-and-business-7-10/year-9?view=quick&detailed-content-descriptions=0&hide-ccp=0&hide-gc=0&side-by-side=1&strands-start-index=0,3597,381,18878,54,69
Economics and Business 7-10,Year 10,https://v9.australiancurriculum.edu.au/f-10-curriculum/learning-areas/economics-and-business-7-10/year-10?view=quick&detailed-content-descriptions=0&hide-ccp=0&hide-gc=0&side-by-side=1&strands-start-index=0,3597,384,15245,48,58
Geography 7-10,Year 7,https://v9.australiancurriculum.edu.au/f-10-curriculum/learning-areas/geography-7-10/year-7?view=quick&detailed-content-descriptions=0&hide-ccp=0&hide-gc=0&side-by-side=1&strands-start-index=0,3597,411,21847,62,78
Geography 7-10,Year 8,https://v9.australiancurriculum.edu.au/f-10-curriculum/learning-areas/geography-7-10/year-8?view=quick&detailed-content-descriptions=0&hide-ccp=0&hide-gc=0&side-by-side=1&strands-start-index=0,3597,441,27708,76,96
Geography 7-10,Year 9,https://v9.australiancurriculum.edu.au/f-10-curriculum/learning-areas/geography-7-10/year-9?view=quick&detailed-content-descriptions=0&hide-ccp=0&hide-gc=0&side-by-side=1&strands-start-index=0,3597,455,24736,69,87
Geography 7-10,Year 10,https://v9.australiancurriculum.edu.au/f-10-curriculum/learning-areas/geography-7-10/year-10?view=quick&detailed-content-descriptions=0&hide-ccp=0&hide-gc=0&side-by-side=1&strands-start-index=0,3597,449,21412,63,77
History 7-10,Year 7,https://v9.australiancurriculum.edu.au/f-10-curriculum/learning-areas/history-7-10/year-7?view=quick&detailed-content-descriptions=0&hide-ccp=0&hide-gc=0&side-by-side=1&strands-start-index=0,3597,505,41177,107,137
History 7-10,Year 8,https://v9.australiancurriculum.edu.au/f-10-curriculum/learning-areas/history-7-10/year-8?view=quick&detailed-content-descriptions=0&hide-ccp=0&hide-gc=0&side-by-side=1&strands-start-index=0,3597,663,43320,115,144
History 7-10,Year 9,https://v9.australiancurriculum.edu.au/f-10-curriculum/learning-areas/history-7-10/year-9?view=quick&detailed-content-descriptions=0&hide-ccp=0&hide-gc=0&side-by-side=1&strands-start-index=0,3597,535,36394,104,122
History 7-10,Year 10,https://v9.australiancurriculum.edu.au/f-10-curriculum/learning-areas/history-7-10/year-10?view=quick&detailed-content-descriptions=0&hide-ccp=0&hide-gc=0&side-by-side=1&strands-start-index=0,3597,589,39971,112,133
Design and Technologies,Foundation Year,https://v9.australiancurriculum.edu.au/f-10-curriculum/learning-areas/design-and-technologies/foundation-year?view=quick&detailed-content-descriptions=0&hide-ccp=0&hide-gc=0&side-by-side=1&strands-start-index=0,5691,305,2562,19,25
Design and Technologies,Year 1,https://v9.australiancurriculum.edu.au/f-10-curriculum/learning-areas/design-and-technologies/year-1?view=quick&detailed-content-descriptions=0&hide-ccp=0&hide-gc=0&side-by-side=1&strands-start-index=0,5691,453,9992,37,48
Design and Technologies,Year 2,https://v9.australiancurriculum.edu.au/f-10-curriculum/learning-areas/design-and-technologies/year-2?view=quick&detailed-content-descriptions=0&hide-ccp=0&hide-gc=0&side-by-side=1&strands-start-index=0,5691,453,9994,37,48
Design and Technologies,Year 3,https://v9.australiancurriculum.edu.au/f-10-curriculum/learning-areas/design-and-technologies/year-3?view=quick&detailed-content-descriptions=0&hide-ccp=0&hide-gc=0&side-by-side=1&strands-start-index=0,5691,553,15036,47,64
Design and Technologies,Year 4,https://v9.australiancurriculum.edu.au/f-10-curriculum/learning-areas/design-and-technologies/year-4?view=quick&detailed-content-descriptions=0&hide-ccp=0&hide-gc=0&side-by-side=1&strands-start-index=0,5691,553,15036,47,64
Design and Technologies,Year 5,https://v9.australiancurriculum.edu.au/f-10-curriculum/learning-areas/design-and-technologies/year-5?view=quick&detailed-content-descriptions=0&hide-ccp=0&hide-gc=0&side-by-side=1&strands-start-index=0,5691,569,19280,58,77
Design and Technologies,Year 6,https://v9.australiancurriculum.edu.au/f-10-curriculum/learning-areas/design-and-technologies/year-6?view=quick&detailed-content-descriptions=0&hide-ccp=0&hide-gc=0&side-by-side=1&strands-start-index=0,5691,569,19280,58,77
Design and Technologies,Year 7,https://v9.australiancurriculum.edu.au/f-10-curriculum/learning-areas/design-and-technologies/year-7?view=quick&detailed-content-descriptions=0&hide-ccp=0&hide-gc=0&side-by-side=1&strands-start-index=0,5691,597,19218,61,77
Design and Technologies,Year 8,https://v9.australiancurriculum.edu.au/f-10-curriculum/learning-areas/design-and-technologies/year-8?view=quick&detailed-content-descriptions=0&hide-ccp=0&hide-gc=0&side-by-side=1&strands-start-index=0,5691,597,19727,62,78
Design and Technologies,Year 9,https://v9.australiancurriculum.edu.au/f-10-curriculum/learning-areas/design-and-technologies/year-9?view=quick&detailed-content-descriptions=0&hide-ccp=0&hide-gc=0&side-by-side=1&strands-start-index=0,5691,505,17225,58,70
Design and Technologies,Year 10,https://v9.australiancurriculum.edu.au/f-10-curriculum/learning-areas/design-and-technologies/year-10?view=quick&detailed-content-descriptions=0&hide-ccp=0&hide-gc=0&side-by-side=1&strands-start-index=0,5691,505,17227,58,70
Digital Technologies,Foundation Year,https://v9.australiancurriculum.edu.au/f-10-curriculum/learning-areas/digital-technologies/foundation-year?view=quick&detailed-content-descriptions=0&hide-ccp=0&hide-gc=0&side-by-side=1&strands-start-index=0,5691,314,2421,19,25
Digital Technologies,Year 1,https://v9.australiancurriculum.edu.au/f-10-curriculum/learning-areas/digital-technologies/year-1?view=quick&detailed-content-descriptions=0&hide-ccp=0&hide-gc=0&side-by-side=1&strands-start-index=0,5691,447,11248,39,52
Digital Technologies,Year 2,https://v9.australiancurriculum.edu.au/f-10-curriculum/learning-areas/digital-technologies/year-2?view=quick&detailed-content-descriptions=0&hide-ccp=0&hide-gc=0&side-by-side=1&strands-start-index=0,5691,447,11248,39,52
Digital Technologies,Year 3,https://v9.australiancurriculum.edu.au/f-10-curriculum/learning-areas/digital-technologies/year-3?view=quick&detailed-content-descriptions=0&hide-ccp=0&hide-gc=0&side-by-side=1&strands-start-index=0,5691,601,16125,50,67
Digital Technologies,Year 4,https://v9.australiancurriculum.edu.au/f-10-curriculum/learning-areas/digital-technologies/year-4?view=quick&detailed-content-descriptions=0&hide-ccp=0&hide-gc=0&side-by-side=1&strands-start-index=0,5691,601,16125,50,67
Digital Technologies,Year 5,https://v9.australiancurriculum.edu.au/f-10-curriculum/learning-areas/digital-technologies/year-5?view=quick&detailed-content-descriptions=0&hide-ccp=0&hide-gc=0&side-by-side=1&strands-start-index=0,5691,598,20555,58,81
Digital Technologies,Year 6,https://v9.australiancurriculum.edu.au/f-10-curriculum/learning-areas/digital-technologies/year-6?view=quick&detailed-content-descriptions=0&hide-ccp=0&hide-gc=0&side-by-side=1&strands-start-index=0,5691,598,20555,58,81
Digital Technologies,Year 7,https://v9.australiancurriculum.edu.au/f-10-curriculum/learning-areas/digital-technologies/year-7?view=quick&detailed-content-descriptions=0&hide-ccp=0&hide-gc=0&side-by-side=1&strands-start-index=0,5691,686,26532,13,99
Digital Technologies,Year 8,https://v9.australiancurriculum.edu.au/f-10-curriculum/learning-areas/digital-technologies/year-8?view=quick&detailed-content-descriptions=0&hide-ccp=0&hide-gc=0&side-by-side=1&strands-start-index=0,5691,686,26532,73,99
Digital Technologies,Year 9,https://v9.australiancurriculum.edu.au/f-10-curriculum/learning-areas/digital-technologies/year-9?view=quick&detailed-content-descriptions=0&hide-ccp=0&hide-gc=0&side-by-side=1&strands-start-index=0,5691,521,21510,67,84
Digital Technologies,Year 10,https://v9.australiancurriculum.edu.au/f-10-curriculum/learning-areas/digital-technologies/year-10?view=quick&detailed-content-descriptions=0&hide-ccp=0&hide-gc=0&side-by-side=1&strands-start-index=0,5691,521,21510,67,84
Dance,Foundation Year,https://v9.australiancurriculum.edu.au/f-10-curriculum/learning-areas/dance/foundation-year?view=quick&detailed-content-descriptions=0&hide-ccp=0&hide-gc=0&side-by-side=1&strands-start-index=0,5302,411,11814,47,53
Dance,Year 1,https://v9.australiancurriculum.edu.au/f-10-curriculum/learning-areas/dance/year-1?view=quick&detailed-content-descriptions=0&hide-ccp=0&hide-gc=0&side-by-side=1&strands-start-index=0,5302,441,8813,38,44
Dance,Year 2,https://v9.australiancurriculum.edu.au/f-10-curriculum/learning-areas/dance/year-2?view=quick&detailed-content-descriptions=0&hide-ccp=0&hide-gc=0&side-by-side=1&strands-start-index=0,5302,441,8813,38,44
Dance,Year 3,https://v9.australiancurriculum.edu.au/f-10-curriculum/learning-areas/dance/year-3?view=quick&detailed-content-descriptions=0&hide-ccp=0&hide-gc=0&side-by-side=1&strands-start-index=0,5302,538,7821,36,41
Dance,Year 4,https://v9.australiancurriculum.edu.au/f-10-curriculum/learning-areas/dance/year-4?view=quick&detailed-content-descriptions=0&hide-ccp=0&hide-gc=0&side-by-side=1&strands-start-index=0,5302,538,7821,36,41
Dance,Year 5,https://v9.australiancurriculum.edu.au/f-10-curriculum/learning-areas/dance/year-5?view=quick&detailed-content-descriptions=0&hide-ccp=0&hide-gc=0&side-by-side=1&strands-start-index=0,5302,545,8504,37,43
Dance,Year 6,https://v9.australiancurriculum.edu.au/f-10-curriculum/learning-areas/dance/year-6?view=quick&detailed-content-descriptions=0&hide-ccp=0&hide-gc=0&side-by-side=1&strands-start-index=0,5302,545,8504,37,43
Dance,Year 7,https://v9.australiancurriculum.edu.au/f-10-curriculum/learning-areas/dance/year-7?view=quick&detailed-content-descriptions=0&hide-ccp=0&hide-gc=0&side-by-side=1&strands-start-index=0,5302,495,11520,46,52
Dance,Year 8,https://v9.australiancurriculum.edu.au/f-10-curriculum/learning-areas/dance/year-8?view=quick&detailed-content-descriptions=0&hide-ccp=0&hide-gc=0&side-by-side=1&strands-start-index=0,5302,495,11520,46,52
Dance,Year 9,https://v9.australiancurriculum.edu.au/f-10-curriculum/learning-areas/dance/year-9?view=quick&detailed-content-descriptions=0&hide-ccp=0&hide-gc=0&side-by-side=1&strands-start-index=0,5302,514,9906,43,47
Dance,Year 10,https://v9.australiancurriculum.edu.au/f-10-curriculum/learning-areas/dance/year-10?view=quick&detailed-content-descriptions=0&hide-ccp=0&hide-gc=0&side-by-side=1&strands-start-index=0,5302,514,9906,43,47
Drama,Foundation Year,https://v9.australiancurriculum.edu.au/f-10-curriculum/learning-areas/drama/foundation-year?view=quick&detailed-content-descriptions=0&hide-ccp=0&hide-gc=0&side-by-side=1&strands-start-index=0,5302,352,11718,46,52
Drama,Year 1,https://v9.australiancurriculum.edu.au/f-10-curriculum/learning-areas/drama/year-1?view=quick&detailed-content-descriptions=0&hide-ccp=0&hide-gc=0&side-by-side=1&strands-start-index=0,5302,383,8346,39,42
Drama,Year 2,https://v9.australiancurriculum.edu.au/f-10-curriculum/learning-areas/drama/year-2?view=quick&detailed-content-descriptions=0&hide-ccp=0&hide-gc=0&side-by-side=1&strands-start-index=0,5302,383,8346,39,42
Drama,Year 3,https://v9.australiancurriculum.edu.au/f-10-curriculum/learning-areas/drama/year-3?view=quick&detailed-content-descriptions=0&hide-ccp=0&hide-gc=0&side-by-side=1&strands-start-index=0,5302,481,8620,38,43
Drama,Year 4,https://v9.australiancurriculum.edu.au/f-10-curriculum/learning-areas/drama/year-4?view=quick&detailed-content-descriptions=0&hide-ccp=0&hide-gc=0&side-by-side=1&strands-start-index=0,5302,481,8620,38,43
Drama,Year 5,https://v9.australiancurriculum.edu.au/f-10-curriculum/learning-areas/drama/year-5?view=quick&detailed-content-descriptions=0&hide-ccp=0&hide-gc=0&side-by-side=1&strands-start-index=0,5302,520,11073,44,51
Drama,Year 6,https://v9.australiancurriculum.edu.au/f-10-curriculum/learning-areas/drama/year-6?view=quick&detailed-content-descriptions=0&hide-ccp=0&hide-gc=0&side-by-side=1&strands-start-index=0,5302,520,11073,44,51
Drama,Year 7,https://v9.australiancurriculum.edu.au/f-10-curriculum/learning-areas/drama/year-7?view=quick&detailed-content-descriptions=0&hide-ccp=0&hide-gc=0&side-by-side=1&strands-start-index=0,5302,439,15831,57,65
Drama,Year 8,https://v9.australiancurriculum.edu.au/f-10-curriculum/learning-areas/drama/year-8?view=quick&detailed-content-descriptions=0&hide-ccp=0&hide-gc=0&side-by-side=1&strands-start-index=0,5302,439,15831,57,65
Drama,Year 9,https://v9.australiancurriculum.edu.au/f-10-curriculum/learning-areas/drama/year-9?view=quick&detailed-content-descriptions=0&hide-ccp=0&hide-gc=0&side-by-side=1&strands-start-index=0,5302,464,10045,44,47
Drama,Year 10,https://v9.australiancurriculum.edu.au/f-10-curriculum/learning-areas/drama/year-10?view=quick&detailed-content-descriptions=0&hide-ccp=0&hide-gc=0&side-by-side=1&strands-start-index=0,5302,464,10045,44,47
Media Arts,Foundation Year,https://v9.australiancurriculum.edu.au/f-10-curriculum/learning-areas/media-arts/foundation-year?view=quick&detailed-content-descriptions=0&hide-ccp=0&hide-gc=0&side-by-side=1&strands-start-index=0,5302,342,11718,47,52
Media Arts,Year 1,https://v9.australiancurriculum.edu.au/f-10-curriculum/learning-areas/media-arts/year-1?view=quick&detailed-content-descriptions=0&hide-ccp=0&hide-gc=0&side-by-side=1&strands-start-index=0,5302,416,9885,42,47
Media Arts,Year 2,https://v9.australiancurriculum.edu.au/f-10-curriculum/learning-areas/media-arts/year-2?view=quick&detailed-content-descriptions=0&hide-ccp=0&hide-gc=0&side-by-side=1&strands-start-index=0,5302,416,9885,42,47
Media Arts,Year 3,https://v9.australiancurriculum.edu.au/f-10-curriculum/learning-areas/media-arts/year-3?view=quick&detailed-content-descriptions=0&hide-ccp=0&hide-gc=0&side-by-side=1&strands-start-index=0,5302,481,13532,48,58
Media Arts,Year 4,https://v9.australiancurriculum.edu.au/f-10-curriculum/learning-areas/media-arts/year-4?view=quick&detailed-content-descriptions=0&hide-ccp=0&hide-gc=0&side-by-side=1&strands-start-index=0,5302,481,13532,48,58
Media Arts,Year 5,https://v9.australiancurriculum.edu.au/f-10-curriculum/learning-areas/media-arts/year-5?view=quick&detailed-content-descriptions=0&hide-ccp=0&hide-gc=0&side-by-side=1&strands-start-index=0,5302,504,16040,55,66
Media Arts,Year 6,https://v9.australiancurriculum.edu.au/f-10-curriculum/learning-areas/media-arts/year-6?view=quick&detailed-content-descriptions=0&hide-ccp=0&hide-gc=0&side-by-side=1&strands-start-index=0,5302,504,16040,55,66
Media Arts,Year 7,https://v9.australiancurriculum.edu.au/f-10-curriculum/learning-areas/media-arts/year-7?view=quick&detailed-content-descriptions=0&hide-ccp=0&hide-gc=0&side-by-side=1&strands-start-index=0,5302,433,19684,66,77
Media Arts,Year 8,https://v9.australiancurriculum.edu.au/f-10-curriculum/learning-areas/media-arts/year-8?view=quick&detailed-content-descriptions=0&hide-ccp=0&hide-gc=0&side-by-side=1&strands-start-index=0,5302,433,19684,66,77
Media Arts,Year 9,https://v9.australiancurriculum.edu.au/f-10-curriculum/learning-areas/media-arts/year-9?view=quick&detailed-content-descriptions=0&hide-ccp=0&hide-gc=0&side-by-side=1&strands-start-index=0,5302,429,15706,56,64
Media Arts,Year 10,https://v9.australiancurriculum.edu.au/f-10-curriculum/learning-areas/media-arts/year-10?view=quick&detailed-content-descriptions=0&hide-ccp=0&hide-gc=0&side-by-side=1&strands-start-index=0,5302,429,15706,56,64
Music,Foundation Year,https://v9.australiancurriculum.edu.au/f-10-curriculum/learning-areas/music/foundation-year?view=quick&detailed-content-descriptions=0&hide-ccp=0&hide-gc=0&side-by-side=1&strands-start-index=0,5302,352,11734,46,52
Music,Year 1,https://v9.australiancurriculum.edu.au/f-10-curriculum/learning-areas/music/year-1?view=quick&detailed-content-descriptions=0&hide-ccp=0&hide-gc=0&side-by-side=1&strands-start-index=0,5302,429,9976,41,47
Music,Year 2,https://v9.australiancurriculum.edu.au/f-10-curriculum/learning-areas/music/year-2?view=quick&detailed-content-descriptions=0&hide-ccp=0&hide-gc=0&side-by-side=1&strands-start-index=0,5302,429,9976,41,47
Music,Year 3,https://v9.australiancurriculum.edu.au/f-10-curriculum/learning-areas/music/year-3?view=quick&detailed-content-descriptions=0&hide-ccp=0&hide-gc=0&side-by-side=1&strands-start-index=0,5302,510,10256,43,48
Music,Year 4,https://v9.australiancurriculum.edu.au/f-10-curriculum/learning-areas/music/year-4?view=quick&detailed-content-descriptions=0&hide-ccp=0&hide-gc=0&side-by-side=1&strands-start-index=0,5302,510,10256,43,48
Music,Year 5,https://v9.australiancurriculum.edu.au/f-10-curriculum/learning-areas/music/year-5?view=quick&detailed-content-descriptions=0&hide-ccp=0&hide-gc=0&side-by-side=1&strands-start-index=0,5302,580,9633,39,47
Music,Year 6,https://v9.australiancurriculum.edu.au/f-10-curriculum/learning-areas/music/year-6?view=quick&detailed-content-descriptions=0&hide-ccp=0&hide-gc=0&side-by-side=1&strands-start-index=0,5302,580,9633,39,47
Music,Year 7,https://v9.australiancurriculum.edu.au/f-10-curriculum/learning-areas/music/year-7?view=quick&detailed-content-descriptions=0&hide-ccp=0&hide-gc=0&side-by-side=1&strands-start-index=0,5302,469,12397,48,55
Music,Year 8,https://v9.australiancurriculum.edu.au/f-10-curriculum/learning-areas/music/year-8?view=quick&detailed-content-descriptions=0&hide-ccp=0&hide-gc=0&side-by-side=1&strands-start-index=0,5302,469,12397,48,55
Music,Year 9,https://v9.australiancurriculum.edu.au/f-10-curriculum/learning-areas/music/year-9?view=quick&detailed-content-descriptions=0&hide-ccp=0&hide-gc=0&side-by-side=1&strands-start-index=0,5302,499,11041,45,51
Music,Year 10,https://v9.australiancurriculum.edu.au/f-10-curriculum/learning-areas/music/year-10?view=quick&detailed-content-descriptions=0&hide-ccp=0&hide-gc=0&side-by-side=1&strands-start-index=0,5302,499,11041,45,51
Visual Arts,Foundation Year,https://v9.australiancurriculum.edu.au/f-10-curriculum/learning-areas/visual-arts/foundation-year?view=quick&detailed-content-descriptions=0&hide-ccp=0&hide-gc=0&side-by-side=1&strands-start-index=0,5302,338,8637,39,43
Visual Arts,Year 1,https://v9.australiancurriculum.edu.au/f-10-curriculum/learning-areas/visual-arts/year-1?view=quick&detailed-content-descriptions=0&hide-ccp=0&hide-gc=0&side-by-side=1&strands-start-index=0,5302,403,11749,45,52
Visual Arts,Year 2,https://v9.australiancurriculum.edu.au/f-10-curriculum/learning-areas/visual-arts/year-2?view=quick&detailed-content-descriptions=0&hide-ccp=0&hide-gc=0&side-by-side=1&strands-start-index=0,5302,403,11749,45,52
Visual Arts,Year 3,https://v9.australiancurriculum.edu.au/f-10-curriculum/learning-areas/visual-arts/year-3?view=quick&detailed-content-descriptions=0&hide-ccp=0&hide-gc=0&side-by-side=1&strands-start-index=0,5302,468,12735,46,56
Visual Arts,Year 4,https://v9.australiancurriculum.edu.au/f-10-curriculum/learning-areas/visual-arts/year-4?view=quick&detailed-content-descriptions=0&hide-ccp=0&hide-gc=0&side-by-side=1&strands-start-index=0,5302,468,12735,46,56
Visual Arts,Year 5,https://v9.australiancurriculum.edu.au/f-10-curriculum/learning-areas/visual-arts/year-5?view=quick&detailed-content-descriptions=0&hide-ccp=0&hide-gc=0&side-by-side=1&strands-start-index=0,5302,516,15469,51,64
Visual Arts,Year 6,https://v9.australiancurriculum.edu.au/f-10-curriculum/learning-areas/visual-arts/year-6?view=quick&detailed-content-descriptions=0&hide-ccp=0&hide-gc=0&side-by-side=1&strands-start-index=0,5302,516,15469,51,64
Visual Arts,Year 7,https://v9.australiancurriculum.edu.au/f-10-curriculum/learning-areas/visual-arts/year-7?view=quick&detailed-content-descriptions=0&hide-ccp=0&hide-gc=0&side-by-side=1&strands-start-index=0,5302,412,17664,59,70
Visual Arts,Year 8,https://v9.australiancurriculum.edu.au/f-10-curriculum/learning-areas/visual-arts/year-8?view=quick&detailed-content-descriptions=0&hide-ccp=0&hide-gc=0&side-by-side=1&strands-start-index=0,5302,412,17664,59,70
Visual Arts,Year 9,https://v9.australiancurriculum.edu.au/f-10-curriculum/learning-areas/visual-arts/year-9?view=quick&detailed-content-descriptions=0&hide-ccp=0&hide-gc=0&side-by-side=1&strands-start-index=0,5302,469,15307,54,63
Visual Arts,Year 10,https://v9.australiancurriculum.edu.au/f-10-curriculum/learning-areas/visual-arts/year-10?view=quick&detailed-content-descriptions=0&hide-ccp=0&hide-gc=0&side-by-side=1&strands-start-index=0,5302,469,15307,54,63
Arabic F-10 Sequence,Foundation Year,https://v9.australiancurriculum.edu.au/f-10-curriculum/learning-areas/arabic-f-10-sequence/foundation-year?view=quick&detailed-content-descriptions=0&hide-ccp=0&hide-gc=0&side-by-side=1&strands-start-index=0,3469,245,5634,26,28
Arabic F-10 Sequence,Year 1,https://v9.australiancurriculum.edu.au/f-10-curriculum/learning-areas/arabic-f-10-sequence/year-1?view=quick&detailed-content-descriptions=0&hide-ccp=0&hide-gc=0&side-by-side=1&strands-start-index=0,3469,388,17984,59,66
Arabic F-10 Sequence,Year 2,https://v9.australiancurriculum.edu.au/f-10-curriculum/learning-areas/arabic-f-10-sequence/year-2?view=quick&detailed-content-descriptions=0&hide-ccp=0&hide-gc=0&side-by-side=1&strands-start-index=0,3469,388,17984,59,66
Arabic F-10 Sequence,Year 3,https://v9.australiancurriculum.edu.au/f-10-curriculum/learning-areas/arabic-f-10-sequence/year-3?view=quick&detailed-content-descriptions=0&hide-ccp=0&hide-gc=0&side-by-side=1&strands-start-index=0,3469,406,19140,62,69
Arabic F-10 Sequence,Year 4,https://v9.australiancurriculum.edu.au/f-10-curriculum/learning-areas/arabic-f-10-sequence/year-4?view=quick&detailed-content-descriptions=0&hide-ccp=0&hide-gc=0&side-by-side=1&strands-start-index=0,3469,406,19140,62,69
Arabic F-10 Sequence,Year 5,https://v9.australiancurriculum.edu.au/f-10-curriculum/learning-areas/arabic-f-10-sequence/year-5?view=quick&detailed-content-descriptions=0&hide-ccp=0&hide-gc=0&side-by-side=1&strands-start-index=0,3469,370,24315,74,85
Arabic F-10 Sequence,Year 6,https://v9.australiancurriculum.edu.au/f-10-curriculum/learning-areas/arabic-f-10-sequence/year-6?view=quick&detailed-content-descriptions=0&hide-ccp=0&hide-gc=0&side-by-side=1&strands-start-index=0,3469,370,24315,74,85
Arabic F-10 Sequence,Year 7,https://v9.australiancurriculum.edu.au/f-10-curriculum/learning-areas/arabic-f-10-sequence/year-7?view=quick&detailed-content-descriptions=0&hide-ccp=0&hide-gc=0&side-by-side=1&strands-start-index=0,3469,351,24039,73,84
Arabic F-10 Sequence,Year 8,https://v9.australiancurriculum.edu.au/f-10-curriculum/learning-areas/arabic-f-10-sequence/year-8?view=quick&detailed-content-descriptions=0&hide-ccp=0&hide-gc=0&side-by-side=1&strands-start-index=0,3469,351,24039,73,84
Arabic F-10 Sequence,Year 9,https://v9.australiancurriculum.edu.au/f-10-curriculum/learning-areas/arabic-f-10-sequence/year-9?view=quick&detailed-content-descriptions=0&hide-ccp=0&hide-gc=0&side-by-side=1&strands-start-index=0,3469,382,20047,65,72
Arabic F-10 Sequence,Year 10,https://v9.australiancurriculum.edu.au/f-10-curriculum/learning-areas/arabic-f-10-sequence/year-10?view=quick&detailed-content-descriptions=0&hide-ccp=0&hide-gc=0&side-by-side=1&strands-start-index=0,3469,382,20047,65,72
Arabic 7-10 Sequence,Year 7,https://v9.australiancurriculum.edu.au/f-10-curriculum/learning-areas/arabic-7-10-sequence/year-7?view=quick&detailed-content-descriptions=0&hide-ccp=0&hide-gc=0&side-by-side=1&strands-start-index=0,3469,380,24035,74,84
Arabic 7-10 Sequence,Year 8,https://v9.australiancurriculum.edu.au/f-10-curriculum/learning-areas/arabic-7-10-sequence/year-8?view=quick&detailed-content-descriptions=0&hide-ccp=0&hide-gc=0&side-by-side=1&strands-start-index=0,3469,380,24035,74,84
Arabic 7-10 Sequence,Year 9,https://v9.australiancurriculum.edu.au/f-10-curriculum/learning-areas/arabic-7-10-sequence/year-9?view=quick&detailed-content-descriptions=0&hide-ccp=0&hide-gc=0&side-by-side=1&strands-start-index=0,3469,390,18562,62,67
Arabic 7-10 Sequence,Year 10,https://v9.australiancurriculum.edu.au/f-10-curriculum/learning-areas/arabic-7-10-sequence/year-10?view=quick&detailed-content-descriptions=0&hide-ccp=0&hide-gc=0&side-by-side=1&strands-start-index=0,3469,390,18562,62,67
Auslan First-LL Pathway F-10,Foundation Year,https://v9.australiancurriculum.edu.au/f-10-curriculum/learning-areas/auslan-first-language-learner-pathway-f-10-sequence/foundation-year?view=quick&detailed-content-descriptions=0&hide-ccp=0&hide-gc=0&side-by-side=1&strands-start-index=0,3469,208,4914,25,26
Auslan First-LL Pathway F-10,Year 1,https://v9.australiancurriculum.edu.au/f-10-curriculum/learning-areas/auslan-first-language-learner-pathway-f-10-sequence/year-1?view=quick&detailed-content-descriptions=0&hide-ccp=0&hide-gc=0&side-by-side=1&strands-start-index=0,3469,339,23044,73,81
Auslan First-LL Pathway F-10,Year 2,https://v9.australiancurriculum.edu.au/f-10-curriculum/learning-areas/auslan-first-language-learner-pathway-f-10-sequence/year-2?view=quick&detailed-content-descriptions=0&hide-ccp=0&hide-gc=0&side-by-side=1&strands-start-index=0,3469,339,23044,73,81
Auslan First-LL Pathway F-10,Year 3,https://v9.australiancurriculum.edu.au/f-10-curriculum/learning-areas/auslan-first-language-learner-pathway-f-10-sequence/year-3?view=quick&detailed-content-descriptions=0&hide-ccp=0&hide-gc=0&side-by-side=1&strands-start-index=0,3469,343,22445,70,79
Auslan First-LL Pathway F-10,Year 4,https://v9.australiancurriculum.edu.au/f-10-curriculum/learning-areas/auslan-first-language-learner-pathway-f-10-sequence/year-4?view=quick&detailed-content-descriptions=0&hide-ccp=0&hide-gc=0&side-by-side=1&strands-start-index=0,3469,343,22445,70,79
Auslan First-LL Pathway F-10,Year 5,https://v9.australiancurriculum.edu.au/f-10-curriculum/learning-areas/auslan-first-language-learner-pathway-f-10-sequence/year-5?view=quick&detailed-content-descriptions=0&hide-ccp=0&hide-gc=0&side-by-side=1&strands-start-index=0,3469,321,25431,76,88
Auslan First-LL Pathway F-10,Year 6,https://v9.australiancurriculum.edu.au/f-10-curriculum/learning-areas/auslan-first-language-learner-pathway-f-10-sequence/year-6?view=quick&detailed-content-descriptions=0&hide-ccp=0&hide-gc=0&side-by-side=1&strands-start-index=0,3469,321,25431,76,88
Auslan First-LL Pathway F-10,Year 7,https://v9.australiancurriculum.edu.au/f-10-curriculum/learning-areas/auslan-first-language-learner-pathway-f-10-sequence/year-7?view=quick&detailed-content-descriptions=0&hide-ccp=0&hide-gc=0&side-by-side=1&strands-start-index=0,3469,301,20919,65,74
Auslan First-LL Pathway F-10,Year 8,https://v9.australiancurriculum.edu.au/f-10-curriculum/learning-areas/auslan-first-language-learner-pathway-f-10-sequence/year-8?view=quick&detailed-content-descriptions=0&hide-ccp=0&hide-gc=0&side-by-side=1&strands-start-index=0,3469,301,20919,65,74
Auslan First-LL Pathway F-10,Year 9,https://v9.australiancurriculum.edu.au/f-10-curriculum/learning-areas/auslan-first-language-learner-pathway-f-10-sequence/year-9?view=quick&detailed-content-descriptions=0&hide-ccp=0&hide-gc=0&side-by-side=1&strands-start-index=0,3469,323,16515,56,61
Auslan First-LL Pathway F-10,Year 10,https://v9.australiancurriculum.edu.au/f-10-curriculum/learning-areas/auslan-first-language-learner-pathway-f-10-sequence/year-10?view=quick&detailed-content-descriptions=0&hide-ccp=0&hide-gc=0&side-by-side=1&strands-start-index=0,3469,323,16515,56,61
Auslan First-LL Pathway 7-10,Year 7,https://v9.australiancurriculum.edu.au/f-10-curriculum/learning-areas/auslan-first-language-learner-pathway-7-10-sequence/year-7?view=quick&detailed-content-descriptions=0&hide-ccp=0&hide-gc=0&side-by-side=1&strands-start-index=0,3469,335,26658,81,92
Auslan First-LL Pathway 7-10,Year 8,https://v9.australiancurriculum.edu.au/f-10-curriculum/learning-areas/auslan-first-language-learner-pathway-7-10-sequence/year-8?view=quick&detailed-content-descriptions=0&hide-ccp=0&hide-gc=0&side-by-side=1&strands-start-index=0,3469,335,26658,81,92
Auslan First-LL Pathway 7-10,Year 9,https://v9.australiancurriculum.edu.au/f-10-curriculum/learning-areas/auslan-first-language-learner-pathway-7-10-sequence/year-9?view=quick&detailed-content-descriptions=0&hide-ccp=0&hide-gc=0&side-by-side=1&strands-start-index=0,3469,336,19000,63,69
Auslan First-LL Pathway 7-10,Year 10,https://v9.australiancurriculum.edu.au/f-10-curriculum/learning-areas/auslan-first-language-learner-pathway-7-10-sequence/year-10?view=quick&detailed-content-descriptions=0&hide-ccp=0&hide-gc=0&side-by-side=1&strands-start-index=0,3469,336,19000,63,69
Auslan Second-LL Pathway F-10,Foundation Year,https://v9.australiancurriculum.edu.au/f-10-curriculum/learning-areas/auslan-second-language-learner-pathway-f-10-sequence/foundation-year?view=quick&detailed-content-descriptions=0&hide-ccp=0&hide-gc=0&side-by-side=1&strands-start-index=0,3469,201,4925,25,26
Auslan Second-LL Pathway F-10,Year 1,https://v9.australiancurriculum.edu.au/f-10-curriculum/learning-areas/auslan-second-language-learner-pathway-f-10-sequence/year-1?view=quick&detailed-content-descriptions=0&hide-ccp=0&hide-gc=0&side-by-side=1&strands-start-index=0,3469,319,18246,61,66
Auslan Second-LL Pathway F-10,Year 2,https://v9.australiancurriculum.edu.au/f-10-curriculum/learning-areas/auslan-second-language-learner-pathway-f-10-sequence/year-2?view=quick&detailed-content-descriptions=0&hide-ccp=0&hide-gc=0&side-by-side=1&strands-start-index=0,3469,319,18246,61,66
Auslan Second-LL Pathway F-10,Year 3,https://v9.australiancurriculum.edu.au/f-10-curriculum/learning-areas/auslan-second-language-learner-pathway-f-10-sequence/year-3?view=quick&detailed-content-descriptions=0&hide-ccp=0&hide-gc=0&side-by-side=1&strands-start-index=0,3469,316,19377,63,70
Auslan Second-LL Pathway F-10,Year 4,https://v9.australiancurriculum.edu.au/f-10-curriculum/learning-areas/auslan-second-language-learner-pathway-f-10-sequence/year-4?view=quick&detailed-content-descriptions=0&hide-ccp=0&hide-gc=0&side-by-side=1&strands-start-index=0,3469,316,19377,63,70
Auslan Second-LL Pathway F-10,Year 5,https://v9.australiancurriculum.edu.au/f-10-curriculum/learning-areas/auslan-second-language-learner-pathway-f-10-sequence/year-5?view=quick&detailed-content-descriptions=0&hide-ccp=0&hide-gc=0&side-by-side=1&strands-start-index=0,3469,317,20429,64,73
Auslan Second-LL Pathway F-10,Year 6,https://v9.australiancurriculum.edu.au/f-10-curriculum/learning-areas/auslan-second-language-learner-pathway-f-10-sequence/year-6?view=quick&detailed-content-descriptions=0&hide-ccp=0&hide-gc=0&side-by-side=1&strands-start-index=0,3469,317,20429,64,73
Auslan Second-LL Pathway F-10,Year 7,https://v9.australiancurriculum.edu.au/f-10-curriculum/learning-areas/auslan-second-language-learner-pathway-f-10-sequence/year-7?view=quick&detailed-content-descriptions=0&hide-ccp=0&hide-gc=0&side-by-side=1&strands-start-index=0,3469,279,22302,69,78
Auslan Second-LL Pathway F-10,Year 8,https://v9.australiancurriculum.edu.au/f-10-curriculum/learning-areas/auslan-second-language-learner-pathway-f-10-sequence/year-8?view=quick&detailed-content-descriptions=0&hide-ccp=0&hide-gc=0&side-by-side=1&strands-start-index=0,3469,279,22302,69,78
Auslan Second-LL Pathway F-10,Year 9,https://v9.australiancurriculum.edu.au/f-10-curriculum/learning-areas/auslan-second-language-learner-pathway-f-10-sequence/year-9?view=quick&detailed-content-descriptions=0&hide-ccp=0&hide-gc=0&side-by-side=1&strands-start-index=0,3469,300,19180,63,69
Auslan Second-LL Pathway F-10,Year 10,https://v9.australiancurriculum.edu.au/f-10-curriculum/learning-areas/auslan-second-language-learner-pathway-f-10-sequence/year-10?view=quick&detailed-content-descriptions=0&hide-ccp=0&hide-gc=0&side-by-side=1&strands-start-index=0,3469,300,19180,63,69
Auslan Second-LL Pathway 7-10,Year 7,https://v9.australiancurriculum.edu.au/f-10-curriculum/learning-areas/auslan-second-language-learner-pathway-7-10-sequence/year-7?view=quick&detailed-content-descriptions=0&hide-ccp=0&hide-gc=0&side-by-side=1&strands-start-index=0,3469,335,27088,82,93
Auslan Second-LL Pathway 7-10,Year 8,https://v9.australiancurriculum.edu.au/f-10-curriculum/learning-areas/auslan-second-language-learner-pathway-7-10-sequence/year-8?view=quick&detailed-content-descriptions=0&hide-ccp=0&hide-gc=0&side-by-side=1&strands-start-index=0,3469,335,27088,82,93
Auslan Second-LL Pathway 7-10,Year 9,https://v9.australiancurriculum.edu.au/f-10-curriculum/learning-areas/auslan-second-language-learner-pathway-7-10-sequence/year-9?view=quick&detailed-content-descriptions=0&hide-ccp=0&hide-gc=0&side-by-side=1&strands-start-index=0,3469,336,19383,64,70
Auslan Second-LL Pathway 7-10,Year 10,https://v9.australiancurriculum.edu.au/f-10-curriculum/learning-areas/auslan-second-language-learner-pathway-7-10-sequence/year-10?view=quick&detailed-content-descriptions=0&hide-ccp=0&hide-gc=0&side-by-side=1&strands-start-index=0,3469,336,19383,64,70
Chinese Background LL F-10,Foundation Year,https://v9.australiancurriculum.edu.au/f-10-curriculum/learning-areas/chinese-background-language-learner-pathway-f-10-sequence/foundation-year?view=quick&detailed-content-descriptions=0&hide-ccp=0&hide-gc=0&side-by-side=1&strands-start-index=0,3469,248,4952,24,26
Chinese Background LL F-10,Year 1,https://v9.australiancurriculum.edu.au/f-10-curriculum/learning-areas/chinese-background-language-learner-pathway-f-10-sequence/year-1?view=quick&detailed-content-descriptions=0&hide-ccp=0&hide-gc=0&side-by-side=1&strands-start-index=0,3469,378,18396,61,67
Chinese Background LL F-10,Year 2,https://v9.australiancurriculum.edu.au/f-10-curriculum/learning-areas/chinese-background-language-learner-pathway-f-10-sequence/year-2?view=quick&detailed-content-descriptions=0&hide-ccp=0&hide-gc=0&side-by-side=1&strands-start-index=0,3469,378,18396,61,67
Chinese Background LL F-10,Year 3,https://v9.australiancurriculum.edu.au/f-10-curriculum/learning-areas/chinese-background-language-learner-pathway-f-10-sequence/year-3?view=quick&detailed-content-descriptions=0&hide-ccp=0&hide-gc=0&side-by-side=1&strands-start-index=0,3469,393,20187,64,72
Chinese Background LL F-10,Year 4,https://v9.australiancurriculum.edu.au/f-10-curriculum/learning-areas/chinese-background-language-learner-pathway-f-10-sequence/year-4?view=quick&detailed-content-descriptions=0&hide-ccp=0&hide-gc=0&side-by-side=1&strands-start-index=0,3469,393,20187,64,72
Chinese Background LL F-10,Year 5,https://v9.australiancurriculum.edu.au/f-10-curriculum/learning-areas/chinese-background-language-learner-pathway-f-10-sequence/year-5?view=quick&detailed-content-descriptions=0&hide-ccp=0&hide-gc=0&side-by-side=1&strands-start-index=0,3469,341,24269,74,85
Chinese Background LL F-10,Year 6,https://v9.australiancurriculum.edu.au/f-10-curriculum/learning-areas/chinese-background-language-learner-pathway-f-10-sequence/year-6?view=quick&detailed-content-descriptions=0&hide-ccp=0&hide-gc=0&side-by-side=1&strands-start-index=0,3469,341,24269,74,85
Chinese Background LL F-10,Year 7,https://v9.australiancurriculum.edu.au/f-10-curriculum/learning-areas/chinese-background-language-learner-pathway-f-10-sequence/year-7?view=quick&detailed-content-descriptions=0&hide-ccp=0&hide-gc=0&side-by-side=1&strands-start-index=0,3469,336,22436,70,79
Chinese Background LL F-10,Year 8,https://v9.australiancurriculum.edu.au/f-10-curriculum/learning-areas/chinese-background-language-learner-pathway-f-10-sequence/year-8?view=quick&detailed-content-descriptions=0&hide-ccp=0&hide-gc=0&side-by-side=1&strands-start-index=0,3469,336,22092,68,78
Chinese Background LL F-10,Year 9,https://v9.australiancurriculum.edu.au/f-10-curriculum/learning-areas/chinese-background-language-learner-pathway-f-10-sequence/year-9?view=quick&detailed-content-descriptions=0&hide-ccp=0&hide-gc=0&side-by-side=1&strands-start-index=0,3469,361,17370,59,64
Chinese Background LL F-10,Year 10,https://v9.australiancurriculum.edu.au/f-10-curriculum/learning-areas/chinese-background-language-learner-pathway-f-10-sequence/year-10?view=quick&detailed-content-descriptions=0&hide-ccp=0&hide-gc=0&side-by-side=1&strands-start-index=0,3469,361,17370,59,64
Chinese BackgroundFirst LL 7-10,Year 7,https://v9.australiancurriculum.edu.au/f-10-curriculum/learning-areas/chinese-background-language-and-first-language-learner-pathway-7-10-sequence/year-7?view=quick&detailed-content-descriptions=0&hide-ccp=0&hide-gc=0&side-by-side=1&strands-start-index=0,3469,394,21702,66,77
Chinese BackgroundFirst LL 7-10,Year 8,https://v9.australiancurriculum.edu.au/f-10-curriculum/learning-areas/chinese-background-language-and-first-language-learner-pathway-7-10-sequence/year-8?view=quick&detailed-content-descriptions=0&hide-ccp=0&hide-gc=0&side-by-side=1&strands-start-index=0,3469,394,21702,66,77
Chinese BackgroundFirst LL 7-10,Year 9,https://v9.australiancurriculum.edu.au/f-10-curriculum/learning-areas/chinese-background-language-and-first-language-learner-pathway-7-10-sequence/year-9?view=quick&detailed-content-descriptions=0&hide-ccp=0&hide-gc=0&side-by-side=1&strands-start-index=0,3469,384,20194,66,72
Chinese BackgroundFirst LL 7-10,Year 10,https://v9.australiancurriculum.edu.au/f-10-curriculum/learning-areas/chinese-background-language-and-first-language-learner-pathway-7-10-sequence/year-10?view=quick&detailed-content-descriptions=0&hide-ccp=0&hide-gc=0&side-by-side=1&strands-start-index=0,3469,384,20613,67,74
Chinese Second-LL F-10,Foundation Year,https://v9.australiancurriculum.edu.au/f-10-curriculum/learning-areas/chinese-second-language-learner-pathway-f-10-sequence/foundation-year?view=quick&detailed-content-descriptions=0&hide-ccp=0&hide-gc=0&side-by-side=1&strands-start-index=0,3469,220,5749,26,28
Chinese Second-LL F-10,Year 1,https://v9.australiancurriculum.edu.au/f-10-curriculum/learning-areas/chinese-second-language-learner-pathway-f-10-sequence/year-1?view=quick&detailed-content-descriptions=0&hide-ccp=0&hide-gc=0&side-by-side=1&strands-start-index=0,3469,362,13337,45,52
Chinese Second-LL F-10,Year 2,https://v9.australiancurriculum.edu.au/f-10-curriculum/learning-areas/chinese-second-language-learner-pathway-f-10-sequence/year-2?view=quick&detailed-content-descriptions=0&hide-ccp=0&hide-gc=0&side-by-side=1&strands-start-index=0,3469,362,13337,45,52
Chinese Second-LL F-10,Year 3,https://v9.australiancurriculum.edu.au/f-10-curriculum/learning-areas/chinese-second-language-learner-pathway-f-10-sequence/year-3?view=quick&detailed-content-descriptions=0&hide-ccp=0&hide-gc=0&side-by-side=1&strands-start-index=0,3469,361,16236,52,60
Chinese Second-LL F-10,Year 4,https://v9.australiancurriculum.edu.au/f-10-curriculum/learning-areas/chinese-second-language-learner-pathway-f-10-sequence/year-4?view=quick&detailed-content-descriptions=0&hide-ccp=0&hide-gc=0&side-by-side=1&strands-start-index=0,3469,361,16236,52,60
Chinese Second-LL F-10,Year 5,https://v9.australiancurriculum.edu.au/f-10-curriculum/learning-areas/chinese-second-language-learner-pathway-f-10-sequence/year-5?view=quick&detailed-content-descriptions=0&hide-ccp=0&hide-gc=0&side-by-side=1&strands-start-index=0,3469,347,18845,58,68
Chinese Second-LL F-10,Year 6,https://v9.australiancurriculum.edu.au/f-10-curriculum/learning-areas/chinese-second-language-learner-pathway-f-10-sequence/year-6?view=quick&detailed-content-descriptions=0&hide-ccp=0&hide-gc=0&side-by-side=1&strands-start-index=0,3469,347,18845,58,68
Chinese Second-LL F-10,Year 7,https://v9.australiancurriculum.edu.au/f-10-curriculum/learning-areas/chinese-second-language-learner-pathway-f-10-sequence/year-7?view=quick&detailed-content-descriptions=0&hide-ccp=0&hide-gc=0&side-by-side=1&strands-start-index=0,3469,347,14075,45,54
Chinese Second-LL F-10,Year 8,https://v9.australiancurriculum.edu.au/f-10-curriculum/learning-areas/chinese-second-language-learner-pathway-f-10-sequence/year-8?view=quick&detailed-content-descriptions=0&hide-ccp=0&hide-gc=0&side-by-side=1&strands-start-index=0,3469,347,14075,45,54
Chinese Second-LL F-10,Year 9,https://v9.australiancurriculum.edu.au/f-10-curriculum/learning-areas/chinese-second-language-learner-pathway-f-10-sequence/year-9?view=quick&detailed-content-descriptions=0&hide-ccp=0&hide-gc=0&side-by-side=1&strands-start-index=0,3469,374,12307,43,48
Chinese Second-LL F-10,Year 10,https://v9.australiancurriculum.edu.au/f-10-curriculum/learning-areas/chinese-second-language-learner-pathway-f-10-sequence/year-10?view=quick&detailed-content-descriptions=0&hide-ccp=0&hide-gc=0&side-by-side=1&strands-start-index=0,3469,374,12307,43,48
Chinese Second-LL 7-10,Year 7,https://v9.australiancurriculum.edu.au/f-10-curriculum/learning-areas/chinese-second-language-learner-pathway-7-10-sequence/year-7?view=quick&detailed-content-descriptions=0&hide-ccp=0&hide-gc=0&side-by-side=1&strands-start-index=0,3469,335,16969,53,62
Chinese Second-LL 7-10,Year 8,https://v9.australiancurriculum.edu.au/f-10-curriculum/learning-areas/chinese-second-language-learner-pathway-7-10-sequence/year-8?view=quick&detailed-content-descriptions=0&hide-ccp=0&hide-gc=0&side-by-side=1&strands-start-index=0,3469,335,16969,53,62
Chinese Second-LL 7-10,Year 9,https://v9.australiancurriculum.edu.au/f-10-curriculum/learning-areas/chinese-second-language-learner-pathway-7-10-sequence/year-9?view=quick&detailed-content-descriptions=0&hide-ccp=0&hide-gc=0&side-by-side=1&strands-start-index=0,3469,351,16502,53,61
Chinese Second-LL 7-10,Year 10,https://v9.australiancurriculum.edu.au/f-10-curriculum/learning-areas/chinese-second-language-learner-pathway-7-10-sequence/year-10?view=quick&detailed-content-descriptions=0&hide-ccp=0&hide-gc=0&side-by-side=1&strands-start-index=0,3469,351,16502,53,61
Classical Greek 7-10,Year 7,https://v9.australiancurriculum.edu.au/f-10-curriculum/learning-areas/classical-greek-7-10/year-7?view=quick&detailed-content-descriptions=0&hide-ccp=0&hide-gc=0&side-by-side=1&strands-start-index=0,3469,285,23860,69,83
Classical Greek 7-10,Year 8,https://v9.australiancurriculum.edu.au/f-10-curriculum/learning-areas/classical-greek-7-10/year-8?view=quick&detailed-content-descriptions=0&hide-ccp=0&hide-gc=0&side-by-side=1&strands-start-index=0,3469,285,23860,69,83
Classical Greek 7-10,Year 9,https://v9.australiancurriculum.edu.au/f-10-curriculum/learning-areas/classical-greek-7-10/year-9?view=quick&detailed-content-descriptions=0&hide-ccp=0&hide-gc=0&side-by-side=1&strands-start-index=0,3469,285,7340,30,33
Classical Greek 7-10,Year 10,https://v9.australiancurriculum.edu.au/f-10-curriculum/learning-areas/classical-greek-7-10/year-10?view=quick&detailed-content-descriptions=0&hide-ccp=0&hide-gc=0&side-by-side=1&strands-start-index=0,3469,285,7340,30,33
French F-10 Sequence,Foundation Year,https://v9.australiancurriculum.edu.au/f-10-curriculum/learning-areas/french-f-10-sequence/foundation-year?view=quick&detailed-content-descriptions=0&hide-ccp=0&hide-gc=0&side-by-side=1&strands-start-index=0,3469,200,6044,26,29
French F-10 Sequence,Year 1,https://v9.australiancurriculum.edu.au/f-10-curriculum/learning-areas/french-f-10-sequence/year-1?view=quick&detailed-content-descriptions=0&hide-ccp=0&hide-gc=0&side-by-side=1&strands-start-index=0,3469,330,19506,58,70
French F-10 Sequence,Year 2,https://v9.australiancurriculum.edu.au/f-10-curriculum/learning-areas/french-f-10-sequence/year-2?view=quick&detailed-content-descriptions=0&hide-ccp=0&hide-gc=0&side-by-side=1&strands-start-index=0,3469,330,19506,58,70
French F-10 Sequence,Year 3,https://v9.australiancurriculum.edu.au/f-10-curriculum/learning-areas/french-f-10-sequence/year-3?view=quick&detailed-content-descriptions=0&hide-ccp=0&hide-gc=0&side-by-side=1&strands-start-index=0,3469,328,21716,61,77
French F-10 Sequence,Year 4,https://v9.australiancurriculum.edu.au/f-10-curriculum/learning-areas/french-f-10-sequence/year-4?view=quick&detailed-content-descriptions=0&hide-ccp=0&hide-gc=0&side-by-side=1&strands-start-index=0,3469,328,21716,61,77
French F-10 Sequence,Year 5,https://v9.australiancurriculum.edu.au/f-10-curriculum/learning-areas/french-f-10-sequence/year-5?view=quick&detailed-content-descriptions=0&hide-ccp=0&hide-gc=0&side-by-side=1&strands-start-index=0,3469,329,24002,67,84
French F-10 Sequence,Year 6,https://v9.australiancurriculum.edu.au/f-10-curriculum/learning-areas/french-f-10-sequence/year-6?view=quick&detailed-content-descriptions=0&hide-ccp=0&hide-gc=0&side-by-side=1&strands-start-index=0,3469,329,24002,67,84
French F-10 Sequence,Year 7,https://v9.australiancurriculum.edu.au/f-10-curriculum/learning-areas/french-f-10-sequence/year-7?view=quick&detailed-content-descriptions=0&hide-ccp=0&hide-gc=0&side-by-side=1&strands-start-index=0,3469,299,20557,60,73
French F-10 Sequence,Year 8,https://v9.australiancurriculum.edu.au/f-10-curriculum/learning-areas/french-f-10-sequence/year-8?view=quick&detailed-content-descriptions=0&hide-ccp=0&hide-gc=0&side-by-side=1&strands-start-index=0,3469,299,20557,60,73
French F-10 Sequence,Year 9,https://v9.australiancurriculum.edu.au/f-10-curriculum/learning-areas/french-f-10-sequence/year-9?view=quick&detailed-content-descriptions=0&hide-ccp=0&hide-gc=0&side-by-side=1&strands-start-index=0,3469,342,17841,54,65
French F-10 Sequence,Year 10,https://v9.australiancurriculum.edu.au/f-10-curriculum/learning-areas/french-f-10-sequence/year-10?view=quick&detailed-content-descriptions=0&hide-ccp=0&hide-gc=0&side-by-side=1&strands-start-index=0,3469,342,17841,54,65
French 7-10 Sequence,Year 7,https://v9.australiancurriculum.edu.au/f-10-curriculum/learning-areas/french-7-10-sequence/year-7?view=quick&detailed-content-descriptions=0&hide-ccp=0&hide-gc=0&side-by-side=1&strands-start-index=0,3469,302,23660,66,83
French 7-10 Sequence,Year 8,https://v9.australiancurriculum.edu.au/f-10-curriculum/learning-areas/french-7-10-sequence/year-8?view=quick&detailed-content-descriptions=0&hide-ccp=0&hide-gc=0&side-by-side=1&strands-start-index=0,3469,302,23660,66,83
French 7-10 Sequence,Year 9,https://v9.australiancurriculum.edu.au/f-10-curriculum/learning-areas/french-7-10-sequence/year-9?view=quick&detailed-content-descriptions=0&hide-ccp=0&hide-gc=0&side-by-side=1&strands-start-index=0,3469,324,18808,58,68
French 7-10 Sequence,Year 10,https://v9.australiancurriculum.edu.au/f-10-curriculum/learning-areas/french-7-10-sequence/year-10?view=quick&detailed-content-descriptions=0&hide-ccp=0&hide-gc=0&side-by-side=1&strands-start-index=0,3469,324,18808,58,68
German F-10 Sequence,Foundation Year,https://v9.australiancurriculum.edu.au/f-10-curriculum/learning-areas/german-f-10-sequence/foundation-year?view=quick&detailed-content-descriptions=0&hide-ccp=0&hide-gc=0&side-by-side=1&strands-start-index=0,3469,200,3640,20,22
German F-10 Sequence,Year 1,https://v9.australiancurriculum.edu.au/f-10-curriculum/learning-areas/german-f-10-sequence/year-1?view=quick&detailed-content-descriptions=0&hide-ccp=0&hide-gc=0&side-by-side=1&strands-start-index=0,3469,331,17475,54,64
German F-10 Sequence,Year 2,https://v9.australiancurriculum.edu.au/f-10-curriculum/learning-areas/german-f-10-sequence/year-2?view=quick&detailed-content-descriptions=0&hide-ccp=0&hide-gc=0&side-by-side=1&strands-start-index=0,3469,331,17475,54,64
German F-10 Sequence,Year 3,https://v9.australiancurriculum.edu.au/f-10-curriculum/learning-areas/german-f-10-sequence/year-3?view=quick&detailed-content-descriptions=0&hide-ccp=0&hide-gc=0&side-by-side=1&strands-start-index=0,3469,328,19493,59,70
German F-10 Sequence,Year 4,https://v9.australiancurriculum.edu.au/f-10-curriculum/learning-areas/german-f-10-sequence/year-4?view=quick&detailed-content-descriptions=0&hide-ccp=0&hide-gc=0&side-by-side=1&strands-start-index=0,3469,328,19493,59,70
German F-10 Sequence,Year 5,https://v9.australiancurriculum.edu.au/f-10-curriculum/learning-areas/german-f-10-sequence/year-5?view=quick&detailed-content-descriptions=0&hide-ccp=0&hide-gc=0&side-by-side=1&strands-start-index=0,3469,337,23581,66,82
German F-10 Sequence,Year 6,https://v9.australiancurriculum.edu.au/f-10-curriculum/learning-areas/german-f-10-sequence/year-6?view=quick&detailed-content-descriptions=0&hide-ccp=0&hide-gc=0&side-by-side=1&strands-start-index=0,3469,337,23581,66,82
German F-10 Sequence,Year 7,https://v9.australiancurriculum.edu.au/f-10-curriculum/learning-areas/german-f-10-sequence/year-7?view=quick&detailed-content-descriptions=0&hide-ccp=0&hide-gc=0&side-by-side=1&strands-start-index=0,3469,299,22841,65,80
German F-10 Sequence,Year 8,https://v9.australiancurriculum.edu.au/f-10-curriculum/learning-areas/german-f-10-sequence/year-8?view=quick&detailed-content-descriptions=0&hide-ccp=0&hide-gc=0&side-by-side=1&strands-start-index=0,3469,299,22841,65,80
German F-10 Sequence,Year 9,https://v9.australiancurriculum.edu.au/f-10-curriculum/learning-areas/german-f-10-sequence/year-9?view=quick&detailed-content-descriptions=0&hide-ccp=0&hide-gc=0&side-by-side=1&strands-start-index=0,3469,342,20104,60,72
German F-10 Sequence,Year 10,https://v9.australiancurriculum.edu.au/f-10-curriculum/learning-areas/german-f-10-sequence/year-10?view=quick&detailed-content-descriptions=0&hide-ccp=0&hide-gc=0&side-by-side=1&strands-start-index=0,3469,342,20104,60,72
German 7-10 Sequence,Year 7,https://v9.australiancurriculum.edu.au/f-10-curriculum/learning-areas/german-7-10-sequence/year-7?view=quick&detailed-content-descriptions=0&hide-ccp=0&hide-gc=0&side-by-side=1&strands-start-index=0,3469,292,22724,65,80
German 7-10 Sequence,Year 8,https://v9.australiancurriculum.edu.au/f-10-curriculum/learning-areas/german-7-10-sequence/year-8?view=quick&detailed-content-descriptions=0&hide-ccp=0&hide-gc=0&side-by-side=1&strands-start-index=0,3469,292,22724,65,80
German 7-10 Sequence,Year 9,https://v9.australiancurriculum.edu.au/f-10-curriculum/learning-areas/german-7-10-sequence/year-9?view=quick&detailed-content-descriptions=0&hide-ccp=0&hide-gc=0&side-by-side=1&strands-start-index=0,3469,314,17794,54,65
German 7-10 Sequence,Year 10,https://v9.australiancurriculum.edu.au/f-10-curriculum/learning-areas/german-7-10-sequence/year-10?view=quick&detailed-content-descriptions=0&hide-ccp=0&hide-gc=0&side-by-side=1&strands-start-index=0,3469,314,17794,54,65
Hindi F-10 Sequence,Foundation Year,https://v9.australiancurriculum.edu.au/f-10-curriculum/learning-areas/hindi-f-10-sequence/foundation-year?view=quick&detailed-content-descriptions=0&hide-ccp=0&hide-gc=0&side-by-side=1&strands-start-index=0,3469,249,5072,25,26
Hindi F-10 Sequence,Year 1,https://v9.australiancurriculum.edu.au/f-10-curriculum/learning-areas/hindi-f-10-sequence/year-1?view=quick&detailed-content-descriptions=0&hide-ccp=0&hide-gc=0&side-by-side=1&strands-start-index=0,3469,376,17030,57,63
Hindi F-10 Sequence,Year 2,https://v9.australiancurriculum.edu.au/f-10-curriculum/learning-areas/hindi-f-10-sequence/year-2?view=quick&detailed-content-descriptions=0&hide-ccp=0&hide-gc=0&side-by-side=1&strands-start-index=0,3469,376,17030,57,63
Hindi F-10 Sequence,Year 3,https://v9.australiancurriculum.edu.au/f-10-curriculum/learning-areas/hindi-f-10-sequence/year-3?view=quick&detailed-content-descriptions=0&hide-ccp=0&hide-gc=0&side-by-side=1&strands-start-index=0,3469,398,19977,65,72
Hindi F-10 Sequence,Year 4,https://v9.australiancurriculum.edu.au/f-10-curriculum/learning-areas/hindi-f-10-sequence/year-4?view=quick&detailed-content-descriptions=0&hide-ccp=0&hide-gc=0&side-by-side=1&strands-start-index=0,3469,398,19977,65,72
Hindi F-10 Sequence,Year 5,https://v9.australiancurriculum.edu.au/f-10-curriculum/learning-areas/hindi-f-10-sequence/year-5?view=quick&detailed-content-descriptions=0&hide-ccp=0&hide-gc=0&side-by-side=1&strands-start-index=0,3469,373,24341,75,85
Hindi F-10 Sequence,Year 6,https://v9.australiancurriculum.edu.au/f-10-curriculum/learning-areas/hindi-f-10-sequence/year-6?view=quick&detailed-content-descriptions=0&hide-ccp=0&hide-gc=0&side-by-side=1&strands-start-index=0,3469,373,24341,75,85
Hindi F-10 Sequence,Year 7,https://v9.australiancurriculum.edu.au/f-10-curriculum/learning-areas/hindi-f-10-sequence/year-7?view=quick&detailed-content-descriptions=0&hide-ccp=0&hide-gc=0&side-by-side=1&strands-start-index=0,3469,340,20490,64,73
Hindi F-10 Sequence,Year 8,https://v9.australiancurriculum.edu.au/f-10-curriculum/learning-areas/hindi-f-10-sequence/year-8?view=quick&detailed-content-descriptions=0&hide-ccp=0&hide-gc=0&side-by-side=1&strands-start-index=0,3469,340,20490,64,73
Hindi F-10 Sequence,Year 9,https://v9.australiancurriculum.edu.au/f-10-curriculum/learning-areas/hindi-f-10-sequence/year-9?view=quick&detailed-content-descriptions=0&hide-ccp=0&hide-gc=0&side-by-side=1&strands-start-index=0,3469,382,17684,59,65
Hindi F-10 Sequence,Year 10,https://v9.australiancurriculum.edu.au/f-10-curriculum/learning-areas/hindi-f-10-sequence/year-10?view=quick&detailed-content-descriptions=0&hide-ccp=0&hide-gc=0&side-by-side=1&strands-start-index=0,3469,382,17684,59,65
Hindi 7-10 Sequence,Year 7,https://v9.australiancurriculum.edu.au/f-10-curriculum/learning-areas/hindi-7-10-sequence/year-7?view=quick&detailed-content-descriptions=0&hide-ccp=0&hide-gc=0&side-by-side=1&strands-start-index=0,3469,367,21901,67,77
Hindi 7-10 Sequence,Year 8,https://v9.australiancurriculum.edu.au/f-10-curriculum/learning-areas/hindi-7-10-sequence/year-8?view=quick&detailed-content-descriptions=0&hide-ccp=0&hide-gc=0&side-by-side=1&strands-start-index=0,3469,367,21901,67,77
Hindi 7-10 Sequence,Year 9,https://v9.australiancurriculum.edu.au/f-10-curriculum/learning-areas/hindi-7-10-sequence/year-9?view=quick&detailed-content-descriptions=0&hide-ccp=0&hide-gc=0&side-by-side=1&strands-start-index=0,3469,356,18589,61,67
Hindi 7-10 Sequence,Year 10,https://v9.australiancurriculum.edu.au/f-10-curriculum/learning-areas/hindi-7-10-sequence/year-10?view=quick&detailed-content-descriptions=0&hide-ccp=0&hide-gc=0&side-by-side=1&strands-start-index=0,3469,356,18976,63,69
Indonesian F-10 Sequence,Foundation Year,https://v9.australiancurriculum.edu.au/f-10-curriculum/learning-areas/indonesian-f-10-sequence/foundation-year?view=quick&detailed-content-descriptions=0&hide-ccp=0&hide-gc=0&side-by-side=1&strands-start-index=0,3469,199,4239,22,23
Indonesian F-10 Sequence,Year 1,https://v9.australiancurriculum.edu.au/f-10-curriculum/learning-areas/indonesian-f-10-sequence/year-1?view=quick&detailed-content-descriptions=0&hide-ccp=0&hide-gc=0&side-by-side=1&strands-start-index=0,3469,331,19820,61,71
Indonesian F-10 Sequence,Year 2,https://v9.australiancurriculum.edu.au/f-10-curriculum/learning-areas/indonesian-f-10-sequence/year-2?view=quick&detailed-content-descriptions=0&hide-ccp=0&hide-gc=0&side-by-side=1&strands-start-index=0,3469,331,19820,61,71
Indonesian F-10 Sequence,Year 3,https://v9.australiancurriculum.edu.au/f-10-curriculum/learning-areas/indonesian-f-10-sequence/year-3?view=quick&detailed-content-descriptions=0&hide-ccp=0&hide-gc=0&side-by-side=1&strands-start-index=0,3469,328,21630,64,77
Indonesian F-10 Sequence,Year 4,https://v9.australiancurriculum.edu.au/f-10-curriculum/learning-areas/indonesian-f-10-sequence/year-4?view=quick&detailed-content-descriptions=0&hide-ccp=0&hide-gc=0&side-by-side=1&strands-start-index=0,3469,328,21630,64,77
Indonesian F-10 Sequence,Year 5,https://v9.australiancurriculum.edu.au/f-10-curriculum/learning-areas/indonesian-f-10-sequence/year-5?view=quick&detailed-content-descriptions=0&hide-ccp=0&hide-gc=0&side-by-side=1&strands-start-index=0,3469,336,24645,72,86
Indonesian F-10 Sequence,Year 6,https://v9.australiancurriculum.edu.au/f-10-curriculum/learning-areas/indonesian-f-10-sequence/year-6?view=quick&detailed-content-descriptions=0&hide-ccp=0&hide-gc=0&side-by-side=1&strands-start-index=0,3469,336,24645,72,86
Indonesian F-10 Sequence,Year 7,https://v9.australiancurriculum.edu.au/f-10-curriculum/learning-areas/indonesian-f-10-sequence/year-7?view=quick&detailed-content-descriptions=0&hide-ccp=0&hide-gc=0&side-by-side=1&strands-start-index=0,3469,298,20406,61,73
Indonesian F-10 Sequence,Year 8,https://v9.australiancurriculum.edu.au/f-10-curriculum/learning-areas/indonesian-f-10-sequence/year-8?view=quick&detailed-content-descriptions=0&hide-ccp=0&hide-gc=0&side-by-side=1&strands-start-index=0,3469,298,20406,61,73
Indonesian F-10 Sequence,Year 9,https://v9.australiancurriculum.edu.au/f-10-curriculum/learning-areas/indonesian-f-10-sequence/year-9?view=quick&detailed-content-descriptions=0&hide-ccp=0&hide-gc=0&side-by-side=1&strands-start-index=0,3469,342,17832,57,65
Indonesian F-10 Sequence,Year 10,https://v9.australiancurriculum.edu.au/f-10-curriculum/learning-areas/indonesian-f-10-sequence/year-10?view=quick&detailed-content-descriptions=0&hide-ccp=0&hide-gc=0&side-by-side=1&strands-start-index=0,3469,342,17832,57,65
Indonesian 7-10 Sequence,Year 7,https://v9.australiancurriculum.edu.au/f-10-curriculum/learning-areas/indonesian-7-10-sequence/year-7?view=quick&detailed-content-descriptions=0&hide-ccp=0&hide-gc=0&side-by-side=1&strands-start-index=0,3469,292,22338,66,79
Indonesian 7-10 Sequence,Year 8,https://v9.australiancurriculum.edu.au/f-10-curriculum/learning-areas/indonesian-7-10-sequence/year-8?view=quick&detailed-content-descriptions=0&hide-ccp=0&hide-gc=0&side-by-side=1&strands-start-index=0,3469,292,22338,66,79
Indonesian 7-10 Sequence,Year 9,https://v9.australiancurriculum.edu.au/f-10-curriculum/learning-areas/indonesian-7-10-sequence/year-9?view=quick&detailed-content-descriptions=0&hide-ccp=0&hide-gc=0&side-by-side=1&strands-start-index=0,3469,314,19267,59,69
Indonesian 7-10 Sequence,Year 10,https://v9.australiancurriculum.edu.au/f-10-curriculum/learning-areas/indonesian-7-10-sequence/year-10?view=quick&detailed-content-descriptions=0&hide-ccp=0&hide-gc=0&side-by-side=1&strands-start-index=0,3469,314,19267,59,69
Italian F-10 Sequence,Foundation Year,https://v9.australiancurriculum.edu.au/f-10-curriculum/learning-areas/italian-f-10-sequence/foundation-year?view=quick&detailed-content-descriptions=0&hide-ccp=0&hide-gc=0&side-by-side=1&strands-start-index=0,3469,200,6041,25,29
Italian F-10 Sequence,Year 1,https://v9.australiancurriculum.edu.au/f-10-curriculum/learning-areas/italian-f-10-sequence/year-1?view=quick&detailed-content-descriptions=0&hide-ccp=0&hide-gc=0&side-by-side=1&strands-start-index=0,3469,330,18914,59,68
Italian F-10 Sequence,Year 2,https://v9.australiancurriculum.edu.au/f-10-curriculum/learning-areas/italian-f-10-sequence/year-2?view=quick&detailed-content-descriptions=0&hide-ccp=0&hide-gc=0&side-by-side=1&strands-start-index=0,3469,330,18914,59,68
Italian F-10 Sequence,Year 3,https://v9.australiancurriculum.edu.au/f-10-curriculum/learning-areas/italian-f-10-sequence/year-3?view=quick&detailed-content-descriptions=0&hide-ccp=0&hide-gc=0&side-by-side=1&strands-start-index=0,3469,329,21863,63,77
Italian F-10 Sequence,Year 4,https://v9.australiancurriculum.edu.au/f-10-curriculum/learning-areas/italian-f-10-sequence/year-4?view=quick&detailed-content-descriptions=0&hide-ccp=0&hide-gc=0&side-by-side=1&strands-start-index=0,3469,329,21863,63,77
Italian F-10 Sequence,Year 5,https://v9.australiancurriculum.edu.au/f-10-curriculum/learning-areas/italian-f-10-sequence/year-5?view=quick&detailed-content-descriptions=0&hide-ccp=0&hide-gc=0&side-by-side=1&strands-start-index=0,3469,329,24894,71,86
Italian F-10 Sequence,Year 6,https://v9.australiancurriculum.edu.au/f-10-curriculum/learning-areas/italian-f-10-sequence/year-6?view=quick&detailed-content-descriptions=0&hide-ccp=0&hide-gc=0&side-by-side=1&strands-start-index=0,3469,329,24894,71,86
Italian F-10 Sequence,Year 7,https://v9.australiancurriculum.edu.au/f-10-curriculum/learning-areas/italian-f-10-sequence/year-7?view=quick&detailed-content-descriptions=0&hide-ccp=0&hide-gc=0&side-by-side=1&strands-start-index=0,3469,301,20565,60,73
Italian F-10 Sequence,Year 8,https://v9.australiancurriculum.edu.au/f-10-curriculum/learning-areas/italian-f-10-sequence/year-8?view=quick&detailed-content-descriptions=0&hide-ccp=0&hide-gc=0&side-by-side=1&strands-start-index=0,3469,301,20565,60,73
Italian F-10 Sequence,Year 9,https://v9.australiancurriculum.edu.au/f-10-curriculum/learning-areas/italian-f-10-sequence/year-9?view=quick&detailed-content-descriptions=0&hide-ccp=0&hide-gc=0&side-by-side=1&strands-start-index=0,3469,343,20501,60,73
Italian F-10 Sequence,Year 10,https://v9.australiancurriculum.edu.au/f-10-curriculum/learning-areas/italian-f-10-sequence/year-10?view=quick&detailed-content-descriptions=0&hide-ccp=0&hide-gc=0&side-by-side=1&strands-start-index=0,3469,343,20501,60,73
Italian 7-10 Sequence,Year 7,https://v9.australiancurriculum.edu.au/f-10-curriculum/learning-areas/italian-7-10-sequence/year-7?view=quick&detailed-content-descriptions=0&hide-ccp=0&hide-gc=0&side-by-side=1&strands-start-index=0,3469,301,26224,70,90
Italian 7-10 Sequence,Year 8,https://v9.australiancurriculum.edu.au/f-10-curriculum/learning-areas/italian-7-10-sequence/year-8?view=quick&detailed-content-descriptions=0&hide-ccp=0&hide-gc=0&side-by-side=1&strands-start-index=0,3469,301,26224,70,90
Italian 7-10 Sequence,Year 9,https://v9.australiancurriculum.edu.au/f-10-curriculum/learning-areas/italian-7-10-sequence/year-9?view=quick&detailed-content-descriptions=0&hide-ccp=0&hide-gc=0&side-by-side=1&strands-start-index=0,3469,324,19279,58,69
Italian 7-10 Sequence,Year 10,https://v9.australiancurriculum.edu.au/f-10-curriculum/learning-areas/italian-7-10-sequence/year-10?view=quick&detailed-content-descriptions=0&hide-ccp=0&hide-gc=0&side-by-side=1&strands-start-index=0,3469,324,19279,58,69
Japanese F-10 Sequence,Foundation Year,https://v9.australiancurriculum.edu.au/f-10-curriculum/learning-areas/japanese-f-10-sequence/foundation-year?view=quick&detailed-content-descriptions=0&hide-ccp=0&hide-gc=0&side-by-side=1&strands-start-index=0,3469,220,6062,27,29
Japanese F-10 Sequence,Year 1,https://v9.australiancurriculum.edu.au/f-10-curriculum/learning-areas/japanese-f-10-sequence/year-1?view=quick&detailed-content-descriptions=0&hide-ccp=0&hide-gc=0&side-by-side=1&strands-start-index=0,3469,356,18905,59,68
Japanese F-10 Sequence,Year 2,https://v9.australiancurriculum.edu.au/f-10-curriculum/learning-areas/japanese-f-10-sequence/year-2?view=quick&detailed-content-descriptions=0&hide-ccp=0&hide-gc=0&side-by-side=1&strands-start-index=0,3469,356,18905,59,68
Japanese F-10 Sequence,Year 3,https://v9.australiancurriculum.edu.au/f-10-curriculum/learning-areas/japanese-f-10-sequence/year-3?view=quick&detailed-content-descriptions=0&hide-ccp=0&hide-gc=0&side-by-side=1&strands-start-index=0,3469,361,19422,60,70
Japanese F-10 Sequence,Year 4,https://v9.australiancurriculum.edu.au/f-10-curriculum/learning-areas/japanese-f-10-sequence/year-4?view=quick&detailed-content-descriptions=0&hide-ccp=0&hide-gc=0&side-by-side=1&strands-start-index=0,3469,361,19422,60,70
Japanese F-10 Sequence,Year 5,https://v9.australiancurriculum.edu.au/f-10-curriculum/learning-areas/japanese-f-10-sequence/year-5?view=quick&detailed-content-descriptions=0&hide-ccp=0&hide-gc=0&side-by-side=1&strands-start-index=0,3469,380,23807,67,83
Japanese F-10 Sequence,Year 6,https://v9.australiancurriculum.edu.au/f-10-curriculum/learning-areas/japanese-f-10-sequence/year-6?view=quick&detailed-content-descriptions=0&hide-ccp=0&hide-gc=0&side-by-side=1&strands-start-index=0,3469,380,23807,67,83
Japanese F-10 Sequence,Year 7,https://v9.australiancurriculum.edu.au/f-10-curriculum/learning-areas/japanese-f-10-sequence/year-7?view=quick&detailed-content-descriptions=0&hide-ccp=0&hide-gc=0&side-by-side=1&strands-start-index=0,3469,331,18951,59,68
Japanese F-10 Sequence,Year 8,https://v9.australiancurriculum.edu.au/f-10-curriculum/learning-areas/japanese-f-10-sequence/year-8?view=quick&detailed-content-descriptions=0&hide-ccp=0&hide-gc=0&side-by-side=1&strands-start-index=0,3469,331,18951,59,68
Japanese F-10 Sequence,Year 9,https://v9.australiancurriculum.edu.au/f-10-curriculum/learning-areas/japanese-f-10-sequence/year-9?view=quick&detailed-content-descriptions=0&hide-ccp=0&hide-gc=0&side-by-side=1&strands-start-index=0,3469,375,14680,49,56
Japanese F-10 Sequence,Year 10,https://v9.australiancurriculum.edu.au/f-10-curriculum/learning-areas/japanese-f-10-sequence/year-10?view=quick&detailed-content-descriptions=0&hide-ccp=0&hide-gc=0&side-by-side=1&strands-start-index=0,3469,375,14680,49,56
Japanese 7-10 Sequence,Year 7,https://v9.australiancurriculum.edu.au/f-10-curriculum/learning-areas/japanese-7-10-sequence/year-7?view=quick&detailed-content-descriptions=0&hide-ccp=0&hide-gc=0&side-by-side=1&strands-start-index=0,3469,326,21567,65,76
Japanese 7-10 Sequence,Year 8,https://v9.australiancurriculum.edu.au/f-10-curriculum/learning-areas/japanese-7-10-sequence/year-8?view=quick&detailed-content-descriptions=0&hide-ccp=0&hide-gc=0&side-by-side=1&strands-start-index=0,3469,326,21567,65,76
Japanese 7-10 Sequence,Year 9,https://v9.australiancurriculum.edu.au/f-10-curriculum/learning-areas/japanese-7-10-sequence/year-9?view=quick&detailed-content-descriptions=0&hide-ccp=0&hide-gc=0&side-by-side=1&strands-start-index=0,3469,350,17077,56,63
Japanese 7-10 Sequence,Year 10,https://v9.australiancurriculum.edu.au/f-10-curriculum/learning-areas/japanese-7-10-sequence/year-10?view=quick&detailed-content-descriptions=0&hide-ccp=0&hide-gc=0&side-by-side=1&strands-start-index=0,3469,350,17077,56,63
Korean F-10 Sequence,Foundation Year,https://v9.australiancurriculum.edu.au/f-10-curriculum/learning-areas/korean-f-10-sequence/foundation-year?view=quick&detailed-content-descriptions=0&hide-ccp=0&hide-gc=0&side-by-side=1&strands-start-index=0,3469,221,4231,22,24
Korean F-10 Sequence,Year 1,https://v9.australiancurriculum.edu.au/f-10-curriculum/learning-areas/korean-f-10-sequence/year-1?view=quick&detailed-content-descriptions=0&hide-ccp=0&hide-gc=0&side-by-side=1&strands-start-index=0,3469,340,15624,51,58
Korean F-10 Sequence,Year 2,https://v9.australiancurriculum.edu.au/f-10-curriculum/learning-areas/korean-f-10-sequence/year-2?view=quick&detailed-content-descriptions=0&hide-ccp=0&hide-gc=0&side-by-side=1&strands-start-index=0,3469,340,15624,51,58
Korean F-10 Sequence,Year 3,https://v9.australiancurriculum.edu.au/f-10-curriculum/learning-areas/korean-f-10-sequence/year-3?view=quick&detailed-content-descriptions=0&hide-ccp=0&hide-gc=0&side-by-side=1&strands-start-index=0,3469,343,17624,57,64
Korean F-10 Sequence,Year 4,https://v9.australiancurriculum.edu.au/f-10-curriculum/learning-areas/korean-f-10-sequence/year-4?view=quick&detailed-content-descriptions=0&hide-ccp=0&hide-gc=0&side-by-side=1&strands-start-index=0,3469,343,17624,57,64
Korean F-10 Sequence,Year 5,https://v9.australiancurriculum.edu.au/f-10-curriculum/learning-areas/korean-f-10-sequence/year-5?view=quick&detailed-content-descriptions=0&hide-ccp=0&hide-gc=0&side-by-side=1&strands-start-index=0,3469,358,18365,57,67
Korean F-10 Sequence,Year 6,https://v9.australiancurriculum.edu.au/f-10-curriculum/learning-areas/korean-f-10-sequence/year-6?view=quick&detailed-content-descriptions=0&hide-ccp=0&hide-gc=0&side-by-side=1&strands-start-index=0,3469,358,18365,57,67
Korean F-10 Sequence,Year 7,https://v9.australiancurriculum.edu.au/f-10-curriculum/learning-areas/korean-f-10-sequence/year-7?view=quick&detailed-content-descriptions=0&hide-ccp=0&hide-gc=0&side-by-side=1&strands-start-index=0,3469,299,16173,52,60
Korean F-10 Sequence,Year 8,https://v9.australiancurriculum.edu.au/f-10-curriculum/learning-areas/korean-f-10-sequence/year-8?view=quick&detailed-content-descriptions=0&hide-ccp=0&hide-gc=0&side-by-side=1&strands-start-index=0,3469,299,16173,52,60
Korean F-10 Sequence,Year 9,https://v9.australiancurriculum.edu.au/f-10-curriculum/learning-areas/korean-f-10-sequence/year-9?view=quick&detailed-content-descriptions=0&hide-ccp=0&hide-gc=0&side-by-side=1&strands-start-index=0,3469,342,12954,45,50
Korean F-10 Sequence,Year 10,https://v9.australiancurriculum.edu.au/f-10-curriculum/learning-areas/korean-f-10-sequence/year-10?view=quick&detailed-content-descriptions=0&hide-ccp=0&hide-gc=0&side-by-side=1&strands-start-index=0,3469,342,12954,45,50
Korean 7-10 Sequence,Year 7,https://v9.australiancurriculum.edu.au/f-10-curriculum/learning-areas/korean-7-10-sequence/year-7?view=quick&detailed-content-descriptions=0&hide-ccp=0&hide-gc=0&side-by-side=1&strands-start-index=0,3469,306,15720,51,59
Korean 7-10 Sequence,Year 8,https://v9.australiancurriculum.edu.au/f-10-curriculum/learning-areas/korean-7-10-sequence/year-8?view=quick&detailed-content-descriptions=0&hide-ccp=0&hide-gc=0&side-by-side=1&strands-start-index=0,3469,306,15720,51,59
Korean 7-10 Sequence,Year 9,https://v9.australiancurriculum.edu.au/f-10-curriculum/learning-areas/korean-7-10-sequence/year-9?view=quick&detailed-content-descriptions=0&hide-ccp=0&hide-gc=0&side-by-side=1&strands-start-index=0,3469,314,14494,49,55
Korean 7-10 Sequence,Year 10,https://v9.australiancurriculum.edu.au/f-10-curriculum/learning-areas/korean-7-10-sequence/year-10?view=quick&detailed-content-descriptions=0&hide-ccp=0&hide-gc=0&side-by-side=1&strands-start-index=0,3469,314,14494,49,55
Latin 7-10,Year 7,https://v9.australiancurriculum.edu.au/f-10-curriculum/learning-areas/latin-7-10/year-7?view=quick&detailed-content-descriptions=0&hide-ccp=0&hide-gc=0&side-by-side=1&strands-start-index=0,3469,276,23477,68,82
Latin 7-10,Year 8,https://v9.australiancurriculum.edu.au/f-10-curriculum/learning-areas/latin-7-10/year-8?view=quick&detailed-content-descriptions=0&hide-ccp=0&hide-gc=0&side-by-side=1&strands-start-index=0,3469,276,23477,68,82
Latin 7-10,Year 9,https://v9.australiancurriculum.edu.au/f-10-curriculum/learning-areas/latin-7-10/year-9?view=quick&detailed-content-descriptions=0&hide-ccp=0&hide-gc=0&side-by-side=1&strands-start-index=0,3469,279,19802,61,71
Latin 7-10,Year 10,https://v9.australiancurriculum.edu.au/f-10-curriculum/learning-areas/latin-7-10/year-10?view=quick&detailed-content-descriptions=0&hide-ccp=0&hide-gc=0&side-by-side=1&strands-start-index=0,3469,279,19802,61,71
Modern Greek F-10 Sequence,Foundation Year,https://v9.australiancurriculum.edu.au/f-10-curriculum/learning-areas/modern-greek-f-10-sequence/foundation-year?view=quick&detailed-content-descriptions=0&hide-ccp=0&hide-gc=0&side-by-side=1&strands-start-index=0,3469,197,7156,29,32
Modern Greek F-10 Sequence,Year 1,https://v9.australiancurriculum.edu.au/f-10-curriculum/learning-areas/modern-greek-f-10-sequence/year-1?view=quick&detailed-content-descriptions=0&hide-ccp=0&hide-gc=0&side-by-side=1&strands-start-index=0,3469,333,19233,57,69
Modern Greek F-10 Sequence,Year 2,https://v9.australiancurriculum.edu.au/f-10-curriculum/learning-areas/modern-greek-f-10-sequence/year-2?view=quick&detailed-content-descriptions=0&hide-ccp=0&hide-gc=0&side-by-side=1&strands-start-index=0,3469,333,19233,57,69
Modern Greek F-10 Sequence,Year 3,https://v9.australiancurriculum.edu.au/f-10-curriculum/learning-areas/modern-greek-f-10-sequence/year-3?view=quick&detailed-content-descriptions=0&hide-ccp=0&hide-gc=0&side-by-side=1&strands-start-index=0,3469,329,20609,59,73
Modern Greek F-10 Sequence,Year 4,https://v9.australiancurriculum.edu.au/f-10-curriculum/learning-areas/modern-greek-f-10-sequence/year-4?view=quick&detailed-content-descriptions=0&hide-ccp=0&hide-gc=0&side-by-side=1&strands-start-index=0,3469,329,20609,59,73
Modern Greek F-10 Sequence,Year 5,https://v9.australiancurriculum.edu.au/f-10-curriculum/learning-areas/modern-greek-f-10-sequence/year-5?view=quick&detailed-content-descriptions=0&hide-ccp=0&hide-gc=0&side-by-side=1&strands-start-index=0,3469,337,26428,71,91
Modern Greek F-10 Sequence,Year 6,https://v9.australiancurriculum.edu.au/f-10-curriculum/learning-areas/modern-greek-f-10-sequence/year-6?view=quick&detailed-content-descriptions=0&hide-ccp=0&hide-gc=0&side-by-side=1&strands-start-index=0,3469,337,26859,72,92
Modern Greek F-10 Sequence,Year 7,https://v9.australiancurriculum.edu.au/f-10-curriculum/learning-areas/modern-greek-f-10-sequence/year-7?view=quick&detailed-content-descriptions=0&hide-ccp=0&hide-gc=0&side-by-side=1&strands-start-index=0,3469,298,18397,53,67
Modern Greek F-10 Sequence,Year 8,https://v9.australiancurriculum.edu.au/f-10-curriculum/learning-areas/modern-greek-f-10-sequence/year-8?view=quick&detailed-content-descriptions=0&hide-ccp=0&hide-gc=0&side-by-side=1&strands-start-index=0,3469,298,18397,53,67
Modern Greek F-10 Sequence,Year 9,https://v9.australiancurriculum.edu.au/f-10-curriculum/learning-areas/modern-greek-f-10-sequence/year-9?view=quick&detailed-content-descriptions=0&hide-ccp=0&hide-gc=0&side-by-side=1&strands-start-index=0,3469,342,17624,51,64
Modern Greek F-10 Sequence,Year 10,https://v9.australiancurriculum.edu.au/f-10-curriculum/learning-areas/modern-greek-f-10-sequence/year-10?view=quick&detailed-content-descriptions=0&hide-ccp=0&hide-gc=0&side-by-side=1&strands-start-index=0,3469,342,17624,51,64
Modern Greek 7-10 Sequence,Year 7,https://v9.australiancurriculum.edu.au/f-10-curriculum/learning-areas/modern-greek-7-10-sequence/year-7?view=quick&detailed-content-descriptions=0&hide-ccp=0&hide-gc=0&side-by-side=1&strands-start-index=0,3469,292,20408,58,73
Modern Greek 7-10 Sequence,Year 8,https://v9.australiancurriculum.edu.au/f-10-curriculum/learning-areas/modern-greek-7-10-sequence/year-8?view=quick&detailed-content-descriptions=0&hide-ccp=0&hide-gc=0&side-by-side=1&strands-start-index=0,3469,292,20408,58,73
Modern Greek 7-10 Sequence,Year 9,https://v9.australiancurriculum.edu.au/f-10-curriculum/learning-areas/modern-greek-7-10-sequence/year-9?view=quick&detailed-content-descriptions=0&hide-ccp=0&hide-gc=0&side-by-side=1&strands-start-index=0,3469,314,19333,56,70
Modern Greek 7-10 Sequence,Year 10,https://v9.australiancurriculum.edu.au/f-10-curriculum/learning-areas/modern-greek-7-10-sequence/year-10?view=quick&detailed-content-descriptions=0&hide-ccp=0&hide-gc=0&side-by-side=1&strands-start-index=0,3469,314,19333,56,70
Spanish F-10 Sequence,Foundation Year,https://v9.australiancurriculum.edu.au/f-10-curriculum/learning-areas/spanish-f-10-sequence/foundation-year?view=quick&detailed-content-descriptions=0&hide-ccp=0&hide-gc=0&side-by-side=1&strands-start-index=0,3469,200,5935,26,29
Spanish F-10 Sequence,Year 1,https://v9.australiancurriculum.edu.au/f-10-curriculum/learning-areas/spanish-f-10-sequence/year-1?view=quick&detailed-content-descriptions=0&hide-ccp=0&hide-gc=0&side-by-side=1&strands-start-index=0,3469,336,21613,64,77
Spanish F-10 Sequence,Year 2,https://v9.australiancurriculum.edu.au/f-10-curriculum/learning-areas/spanish-f-10-sequence/year-2?view=quick&detailed-content-descriptions=0&hide-ccp=0&hide-gc=0&side-by-side=1&strands-start-index=0,3469,336,21613,64,77
Spanish F-10 Sequence,Year 3,https://v9.australiancurriculum.edu.au/f-10-curriculum/learning-areas/spanish-f-10-sequence/year-3?view=quick&detailed-content-descriptions=0&hide-ccp=0&hide-gc=0&side-by-side=1&strands-start-index=0,3469,328,18849,56,68
Spanish F-10 Sequence,Year 4,https://v9.australiancurriculum.edu.au/f-10-curriculum/learning-areas/spanish-f-10-sequence/year-4?view=quick&detailed-content-descriptions=0&hide-ccp=0&hide-gc=0&side-by-side=1&strands-start-index=0,3469,328,18849,56,68
Spanish F-10 Sequence,Year 5,https://v9.australiancurriculum.edu.au/f-10-curriculum/learning-areas/spanish-f-10-sequence/year-5?view=quick&detailed-content-descriptions=0&hide-ccp=0&hide-gc=0&side-by-side=1&strands-start-index=0,3469,337,27538,75,94
Spanish F-10 Sequence,Year 6,https://v9.australiancurriculum.edu.au/f-10-curriculum/learning-areas/spanish-f-10-sequence/year-6?view=quick&detailed-content-descriptions=0&hide-ccp=0&hide-gc=0&side-by-side=1&strands-start-index=0,3469,337,27538,75,94
Spanish F-10 Sequence,Year 7,https://v9.australiancurriculum.edu.au/f-10-curriculum/learning-areas/spanish-f-10-sequence/year-7?view=quick&detailed-content-descriptions=0&hide-ccp=0&hide-gc=0&side-by-side=1&strands-start-index=0,3469,299,18980,55,68
Spanish F-10 Sequence,Year 8,https://v9.australiancurriculum.edu.au/f-10-curriculum/learning-areas/spanish-f-10-sequence/year-8?view=quick&detailed-content-descriptions=0&hide-ccp=0&hide-gc=0&side-by-side=1&strands-start-index=0,3469,299,19382,56,70
Spanish F-10 Sequence,Year 9,https://v9.australiancurriculum.edu.au/f-10-curriculum/learning-areas/spanish-f-10-sequence/year-9?view=quick&detailed-content-descriptions=0&hide-ccp=0&hide-gc=0&side-by-side=1&strands-start-index=0,3469,342,16819,52,62
Spanish F-10 Sequence,Year 10,https://v9.australiancurriculum.edu.au/f-10-curriculum/learning-areas/spanish-f-10-sequence/year-10?view=quick&detailed-content-descriptions=0&hide-ccp=0&hide-gc=0&side-by-side=1&strands-start-index=0,3469,342,16819,52,62
Spanish 7-10 Sequence,Year 7,https://v9.australiancurriculum.edu.au/f-10-curriculum/learning-areas/spanish-7-10-sequence/year-7?view=quick&detailed-content-descriptions=0&hide-ccp=0&hide-gc=0&side-by-side=1&strands-start-index=0,3469,292,21350,61,76
Spanish 7-10 Sequence,Year 8,https://v9.australiancurriculum.edu.au/f-10-curriculum/learning-areas/spanish-7-10-sequence/year-8?view=quick&detailed-content-descriptions=0&hide-ccp=0&hide-gc=0&side-by-side=1&strands-start-index=0,3469,292,21350,61,76
Spanish 7-10 Sequence,Year 9,https://v9.australiancurriculum.edu.au/f-10-curriculum/learning-areas/spanish-7-10-sequence/year-9?view=quick&detailed-content-descriptions=0&hide-ccp=0&hide-gc=0&side-by-side=1&strands-start-index=0,3469,314,18696,56,68
Spanish 7-10 Sequence,Year 10,https://v9.australiancurriculum.edu.au/f-10-curriculum/learning-areas/spanish-7-10-sequence/year-10?view=quick&detailed-content-descriptions=0&hide-ccp=0&hide-gc=0&side-by-side=1&strands-start-index=0,3469,314,18696,56,68
Turkish F-10 Sequence,Foundation Year,https://v9.australiancurriculum.edu.au/f-10-curriculum/learning-areas/turkish-f-10-sequence/foundation-year?view=quick&detailed-content-descriptions=0&hide-ccp=0&hide-gc=0&side-by-side=1&strands-start-index=0,3469,259,6444,28,30
Turkish F-10 Sequence,Year 1,https://v9.australiancurriculum.edu.au/f-10-curriculum/learning-areas/turkish-f-10-sequence/year-1?view=quick&detailed-content-descriptions=0&hide-ccp=0&hide-gc=0&side-by-side=1&strands-start-index=0,3469,371,20937,62,75
Turkish F-10 Sequence,Year 2,https://v9.australiancurriculum.edu.au/f-10-curriculum/learning-areas/turkish-f-10-sequence/year-2?view=quick&detailed-content-descriptions=0&hide-ccp=0&hide-gc=0&side-by-side=1&strands-start-index=0,3469,371,21463,63,76
Turkish F-10 Sequence,Year 3,https://v9.australiancurriculum.edu.au/f-10-curriculum/learning-areas/turkish-f-10-sequence/year-3?view=quick&detailed-content-descriptions=0&hide-ccp=0&hide-gc=0&side-by-side=1&strands-start-index=0,3469,397,23042,67,81
Turkish F-10 Sequence,Year 4,https://v9.australiancurriculum.edu.au/f-10-curriculum/learning-areas/turkish-f-10-sequence/year-4?view=quick&detailed-content-descriptions=0&hide-ccp=0&hide-gc=0&side-by-side=1&strands-start-index=0,3469,397,23042,67,81
Turkish F-10 Sequence,Year 5,https://v9.australiancurriculum.edu.au/f-10-curriculum/learning-areas/turkish-f-10-sequence/year-5?view=quick&detailed-content-descriptions=0&hide-ccp=0&hide-gc=0&side-by-side=1&strands-start-index=0,3469,356,29077,80,99
Turkish F-10 Sequence,Year 6,https://v9.australiancurriculum.edu.au/f-10-curriculum/learning-areas/turkish-f-10-sequence/year-6?view=quick&detailed-content-descriptions=0&hide-ccp=0&hide-gc=0&side-by-side=1&strands-start-index=0,3469,356,29077,80,99
Turkish F-10 Sequence,Year 7,https://v9.australiancurriculum.edu.au/f-10-curriculum/learning-areas/turkish-f-10-sequence/year-7?view=quick&detailed-content-descriptions=0&hide-ccp=0&hide-gc=0&side-by-side=1&strands-start-index=0,3469,337,25029,71,87
Turkish F-10 Sequence,Year 8,https://v9.australiancurriculum.edu.au/f-10-curriculum/learning-areas/turkish-f-10-sequence/year-8?view=quick&detailed-content-descriptions=0&hide-ccp=0&hide-gc=0&side-by-side=1&strands-start-index=0,3469,337,25029,71,87
Turkish F-10 Sequence,Year 9,https://v9.australiancurriculum.edu.au/f-10-curriculum/learning-areas/turkish-f-10-sequence/year-9?view=quick&detailed-content-descriptions=0&hide-ccp=0&hide-gc=0&side-by-side=1&strands-start-index=0,3469,381,9521,34,40
Turkish F-10 Sequence,Year 10,https://v9.australiancurriculum.edu.au/f-10-curriculum/learning-areas/turkish-f-10-sequence/year-10?view=quick&detailed-content-descriptions=0&hide-ccp=0&hide-gc=0&side-by-side=1&strands-start-index=0,3469,381,9521,34,40
Turkish 7-10 Sequence,Year 7,https://v9.australiancurriculum.edu.au/f-10-curriculum/learning-areas/turkish-7-10-sequence/year-7?view=quick&detailed-content-descriptions=0&hide-ccp=0&hide-gc=0&side-by-side=1&strands-start-index=0,3469,365,29709,82,101
Turkish 7-10 Sequence,Year 8,https://v9.australiancurriculum.edu.au/f-10-curriculum/learning-areas/turkish-7-10-sequence/year-8?view=quick&detailed-content-descriptions=0&hide-ccp=0&hide-gc=0&side-by-side=1&strands-start-index=0,3469,365,29709,82,101
Turkish 7-10 Sequence,Year 9,https://v9.australiancurriculum.edu.au/f-10-curriculum/learning-areas/turkish-7-10-sequence/year-9?view=quick&detailed-content-descriptions=0&hide-ccp=0&hide-gc=0&side-by-side=1&strands-start-index=0,3469,355,23325,68,82
Turkish 7-10 Sequence,Year 10,https://v9.australiancurriculum.edu.au/f-10-curriculum/learning-areas/turkish-7-10-sequence/year-10?view=quick&detailed-content-descriptions=0&hide-ccp=0&hide-gc=0&side-by-side=1&strands-start-index=0,3469,355,23325,68,82
Vietnamese F-10 Sequence,Foundation Year,https://v9.australiancurriculum.edu.au/f-10-curriculum/learning-areas/vietnamese-f-10-sequence/foundation-year?view=quick&detailed-content-descriptions=0&hide-ccp=0&hide-gc=0&side-by-side=1&strands-start-index=0,3469,254,6080,26,29
Vietnamese F-10 Sequence,Year 1,https://v9.australiancurriculum.edu.au/f-10-curriculum/learning-areas/vietnamese-f-10-sequence/year-1?view=quick&detailed-content-descriptions=0&hide-ccp=0&hide-gc=0&side-by-side=1&strands-start-index=0,3469,371,20973,62,75
Vietnamese F-10 Sequence,Year 2,https://v9.australiancurriculum.edu.au/f-10-curriculum/learning-areas/vietnamese-f-10-sequence/year-2?view=quick&detailed-content-descriptions=0&hide-ccp=0&hide-gc=0&side-by-side=1&strands-start-index=0,3469,371,20973,62,75
Vietnamese F-10 Sequence,Year 3,https://v9.australiancurriculum.edu.au/f-10-curriculum/learning-areas/vietnamese-f-10-sequence/year-3?view=quick&detailed-content-descriptions=0&hide-ccp=0&hide-gc=0&side-by-side=1&strands-start-index=0,3469,398,24749,69,86
Vietnamese F-10 Sequence,Year 4,https://v9.australiancurriculum.edu.au/f-10-curriculum/learning-areas/vietnamese-f-10-sequence/year-4?view=quick&detailed-content-descriptions=0&hide-ccp=0&hide-gc=0&side-by-side=1&strands-start-index=0,3469,398,24749,69,86
Vietnamese F-10 Sequence,Year 5,https://v9.australiancurriculum.edu.au/f-10-curriculum/learning-areas/vietnamese-f-10-sequence/year-5?view=quick&detailed-content-descriptions=0&hide-ccp=0&hide-gc=0&side-by-side=1&strands-start-index=0,3469,355,27603,75,95
Vietnamese F-10 Sequence,Year 6,https://v9.australiancurriculum.edu.au/f-10-curriculum/learning-areas/vietnamese-f-10-sequence/year-6?view=quick&detailed-content-descriptions=0&hide-ccp=0&hide-gc=0&side-by-side=1&strands-start-index=0,3469,355,27603,75,95
Vietnamese F-10 Sequence,Year 7,https://v9.australiancurriculum.edu.au/f-10-curriculum/learning-areas/vietnamese-f-10-sequence/year-7?view=quick&detailed-content-descriptions=0&hide-ccp=0&hide-gc=0&side-by-side=1&strands-start-index=0,3469,340,24854,68,86
Vietnamese F-10 Sequence,Year 8,https://v9.australiancurriculum.edu.au/f-10-curriculum/learning-areas/vietnamese-f-10-sequence/year-8?view=quick&detailed-content-descriptions=0&hide-ccp=0&hide-gc=0&side-by-side=1&strands-start-index=0,3469,340,24854,68,86
Vietnamese F-10 Sequence,Year 9,https://v9.australiancurriculum.edu.au/f-10-curriculum/learning-areas/vietnamese-f-10-sequence/year-9?view=quick&detailed-content-descriptions=0&hide-ccp=0&hide-gc=0&side-by-side=1&strands-start-index=0,3469,381,22163,61,78
Vietnamese F-10 Sequence,Year 10,https://v9.australiancurriculum.edu.au/f-10-curriculum/learning-areas/vietnamese-f-10-sequence/year-10?view=quick&detailed-content-descriptions=0&hide-ccp=0&hide-gc=0&side-by-side=1&strands-start-index=0,3469,381,22163,61,78
Vietnamese 7-10 Sequence,Year 7,https://v9.australiancurriculum.edu.au/f-10-curriculum/learning-areas/vietnamese-7-10-sequence/year-7?view=quick&detailed-content-descriptions=0&hide-ccp=0&hide-gc=0&side-by-side=1&strands-start-index=0,3469,373,24883,68,87
Vietnamese 7-10 Sequence,Year 8,https://v9.australiancurriculum.edu.au/f-10-curriculum/learning-areas/vietnamese-7-10-sequence/year-8?view=quick&detailed-content-descriptions=0&hide-ccp=0&hide-gc=0&side-by-side=1&strands-start-index=0,3469,373,24883,68,87
Vietnamese 7-10 Sequence,Year 9,https://v9.australiancurriculum.edu.au/f-10-curriculum/learning-areas/vietnamese-7-10-sequence/year-9?view=quick&detailed-content-descriptions=0&hide-ccp=0&hide-gc=0&side-by-side=1&strands-start-index=0,3469,358,21909,62,77
Vietnamese 7-10 Sequence,Year 10,https://v9.australiancurriculum.edu.au/f-10-curriculum/learning-areas/vietnamese-7-10-sequence/year-10?view=quick&detailed-content-descriptions=0&hide-ccp=0&hide-gc=0&side-by-side=1&strands-start-index=0,3469,358,21909,62,77
