Subject,Year,URL,Understanding of the learning area,Description/Achievement,Content description
English,Foundation Year,https://v9.australiancurriculum.edu.au/f-10-curriculum/learning-areas/english/foundation-year?view=quick&detailed-content-descriptions=0&hide-ccp=0&hide-gc=0&side-by-side=1&strands-start-index=0,4535,517,21968
English,Year 1,https://v9.australiancurriculum.edu.au/f-10-curriculum/learning-areas/english/year-1?view=quick&detailed-content-descriptions=0&hide-ccp=0&hide-gc=0&side-by-side=1&strands-start-index=0,4535,643,25707
English,Year 2,https://v9.australiancurriculum.edu.au/f-10-curriculum/learning-areas/english/year-2?view=quick&detailed-content-descriptions=0&hide-ccp=0&hide-gc=0&side-by-side=1&strands-start-index=0,4535,583,27826
English,Year 3,https://v9.australiancurriculum.edu.au/f-10-curriculum/learning-areas/english/year-3?view=quick&detailed-content-descriptions=0&hide-ccp=0&hide-gc=0&side-by-side=1&strands-start-index=0,4535,527,30102
English,Year 4,https://v9.australiancurriculum.edu.au/f-10-curriculum/learning-areas/english/year-4?view=quick&detailed-content-descriptions=0&hide-ccp=0&hide-gc=0&side-by-side=1&strands-start-index=0,4535,523,28876
English,Year 5,https://v9.australiancurriculum.edu.au/f-10-curriculum/learning-areas/english/year-5?view=quick&detailed-content-descriptions=0&hide-ccp=0&hide-gc=0&side-by-side=1&strands-start-index=0,4535,522,25380
English,Year 6,https://v9.australiancurriculum.edu.au/f-10-curriculum/learning-areas/english/year-6?view=quick&detailed-content-descriptions=0&hide-ccp=0&hide-gc=0&side-by-side=1&strands-start-index=0,4535,514,23267
English,Year 7,https://v9.australiancurriculum.edu.au/f-10-curriculum/learning-areas/english/year-7?view=quick&detailed-content-descriptions=0&hide-ccp=0&hide-gc=0&side-by-side=1&strands-start-index=0,4535,478,22498
English,Year 8,https://v9.australiancurriculum.edu.au/f-10-curriculum/learning-areas/english/year-8?view=quick&detailed-content-descriptions=0&hide-ccp=0&hide-gc=0&side-by-side=1&strands-start-index=0,4535,506,22788
English,Year 9,https://v9.australiancurriculum.edu.au/f-10-curriculum/learning-areas/english/year-9?view=quick&detailed-content-descriptions=0&hide-ccp=0&hide-gc=0&side-by-side=1&strands-start-index=0,4535,549,16353
English,Year 10,https://v9.australiancurriculum.edu.au/f-10-curriculum/learning-areas/english/year-10?view=quick&detailed-content-descriptions=0&hide-ccp=0&hide-gc=0&side-by-side=1&strands-start-index=0,4535,574,23038
Mathematics,Foundation Year,https://v9.australiancurriculum.edu.au/f-10-curriculum/learning-areas/mathematics/foundation-year?view=quick&detailed-content-descriptions=0&hide-ccp=0&hide-gc=0&side-by-side=1&strands-start-index=0,5041,380,18135
Mathematics,Year 1,https://v9.australiancurriculum.edu.au/f-10-curriculum/learning-areas/mathematics/year-1?view=quick&detailed-content-descriptions=0&hide-ccp=0&hide-gc=0&side-by-side=1&strands-start-index=0,5041,457,33799
Mathematics,Year 2,https://v9.australiancurriculum.edu.au/f-10-curriculum/learning-areas/mathematics/year-2?view=quick&detailed-content-descriptions=0&hide-ccp=0&hide-gc=0&side-by-side=1&strands-start-index=0,5041,518,38533
Mathematics,Year 3,https://v9.australiancurriculum.edu.au/f-10-curriculum/learning-areas/mathematics/year-3?view=quick&detailed-content-descriptions=0&hide-ccp=0&hide-gc=0&side-by-side=1&strands-start-index=0,5041,586,38926
Mathematics,Year 4,https://v9.australiancurriculum.edu.au/f-10-curriculum/learning-areas/mathematics/year-4?view=quick&detailed-content-descriptions=0&hide-ccp=0&hide-gc=0&side-by-side=1&strands-start-index=0,5041,555,42425
Mathematics,Year 5,https://v9.australiancurriculum.edu.au/f-10-curriculum/learning-areas/mathematics/year-5?view=quick&detailed-content-descriptions=0&hide-ccp=0&hide-gc=0&side-by-side=1&strands-start-index=0,5041,532,40690
Mathematics,Year 6,https://v9.australiancurriculum.edu.au/f-10-curriculum/learning-areas/mathematics/year-6?view=quick&detailed-content-descriptions=0&hide-ccp=0&hide-gc=0&side-by-side=1&strands-start-index=0,5041,555,39126
Mathematics,Year 7,https://v9.australiancurriculum.edu.au/f-10-curriculum/learning-areas/mathematics/year-7?view=quick&detailed-content-descriptions=0&hide-ccp=0&hide-gc=0&side-by-side=1&strands-start-index=0,5041,685,48513
Mathematics,Year 8,https://v9.australiancurriculum.edu.au/f-10-curriculum/learning-areas/mathematics/year-8?view=quick&detailed-content-descriptions=0&hide-ccp=0&hide-gc=0&side-by-side=1&strands-start-index=0,5041,700,57375
Mathematics,Year 9,https://v9.australiancurriculum.edu.au/f-10-curriculum/learning-areas/mathematics/year-9?view=quick&detailed-content-descriptions=0&hide-ccp=0&hide-gc=0&side-by-side=1&strands-start-index=0,5041,698,60671
Mathematics,Year 10,https://v9.australiancurriculum.edu.au/f-10-curriculum/learning-areas/mathematics/year-10?view=quick&detailed-content-descriptions=0&hide-ccp=0&hide-gc=0&side-by-side=1&strands-start-index=0,5041,621,52578
Science,Foundation Year,https://v9.australiancurriculum.edu.au/f-10-curriculum/learning-areas/science/foundation-year?view=quick&detailed-content-descriptions=0&hide-ccp=0&hide-gc=0&side-by-side=1&strands-start-index=0,5883,291,18632
Science,Year 1,https://v9.australiancurriculum.edu.au/f-10-curriculum/learning-areas/science/year-1?view=quick&detailed-content-descriptions=0&hide-ccp=0&hide-gc=0&side-by-side=1&strands-start-index=0,5883,314,24901
Science,Year 2,https://v9.australiancurriculum.edu.au/f-10-curriculum/learning-areas/science/year-2?view=quick&detailed-content-descriptions=0&hide-ccp=0&hide-gc=0&side-by-side=1&strands-start-index=0,5883,381,27450
Science,Year 3,https://v9.australiancurriculum.edu.au/f-10-curriculum/learning-areas/science/year-3?view=quick&detailed-content-descriptions=0&hide-ccp=0&hide-gc=0&side-by-side=1&strands-start-index=0,5883,384,37479
Science,Year 4,https://v9.australiancurriculum.edu.au/f-10-curriculum/learning-areas/science/year-4?view=quick&detailed-content-descriptions=0&hide-ccp=0&hide-gc=0&side-by-side=1&strands-start-index=0,5883,397,32212
Science,Year 5,https://v9.australiancurriculum.edu.au/f-10-curriculum/learning-areas/science/year-5?view=quick&detailed-content-descriptions=0&hide-ccp=0&hide-gc=0&side-by-side=1&strands-start-index=0,5883,384,32068
Science,Year 6,https://v9.australiancurriculum.edu.au/f-10-curriculum/learning-areas/science/year-6?view=quick&detailed-content-descriptions=0&hide-ccp=0&hide-gc=0&side-by-side=1&strands-start-index=0,5883,413,33563
Science,Year 7,https://v9.australiancurriculum.edu.au/f-10-curriculum/learning-areas/science/year-7?view=quick&detailed-content-descriptions=0&hide-ccp=0&hide-gc=0&side-by-side=1&strands-start-index=0,5883,490,42961
Science,Year 8,https://v9.australiancurriculum.edu.au/f-10-curriculum/learning-areas/science/year-8?view=quick&detailed-content-descriptions=0&hide-ccp=0&hide-gc=0&side-by-side=1&strands-start-index=0,5883,494,52576
Science,Year 9,https://v9.australiancurriculum.edu.au/f-10-curriculum/learning-areas/science/year-9?view=quick&detailed-content-descriptions=0&hide-ccp=0&hide-gc=0&side-by-side=1&strands-start-index=0,5883,493,56441
Science,Year 10,https://v9.australiancurriculum.edu.au/f-10-curriculum/learning-areas/science/year-10?view=quick&detailed-content-descriptions=0&hide-ccp=0&hide-gc=0&side-by-side=1&strands-start-index=0,5883,511,
Health and Physical Education,Foundation Year,https://v9.australiancurriculum.edu.au/f-10-curriculum/learning-areas/health-and-physical-education/foundation-year?view=quick&detailed-content-descriptions=0&hide-ccp=0&hide-gc=0&side-by-side=1&strands-start-index=0,5500,337,3747
Health and Physical Education,Year 1,https://v9.australiancurriculum.edu.au/f-10-curriculum/learning-areas/health-and-physical-education/year-1?view=quick&detailed-content-descriptions=0&hide-ccp=0&hide-gc=0&side-by-side=1&strands-start-index=0,5500,392,4905
Health and Physical Education,Year 2,https://v9.australiancurriculum.edu.au/f-10-curriculum/learning-areas/health-and-physical-education/year-2?view=quick&detailed-content-descriptions=0&hide-ccp=0&hide-gc=0&side-by-side=1&strands-start-index=0,5500,392,4905
Health and Physical Education,Year 3,https://v9.australiancurriculum.edu.au/f-10-curriculum/learning-areas/health-and-physical-education/year-3?view=quick&detailed-content-descriptions=0&hide-ccp=0&hide-gc=0&side-by-side=1&strands-start-index=0,5500,381,7407
Health and Physical Education,Year 4,https://v9.australiancurriculum.edu.au/f-10-curriculum/learning-areas/health-and-physical-education/year-4?view=quick&detailed-content-descriptions=0&hide-ccp=0&hide-gc=0&side-by-side=1&strands-start-index=0,5500,381,7411
Health and Physical Education,Year 5,https://v9.australiancurriculum.edu.au/f-10-curriculum/learning-areas/health-and-physical-education/year-5?view=quick&detailed-content-descriptions=0&hide-ccp=0&hide-gc=0&side-by-side=1&strands-start-index=0,5500,402,9037
Health and Physical Education,Year 6,https://v9.australiancurriculum.edu.au/f-10-curriculum/learning-areas/health-and-physical-education/year-6?view=quick&detailed-content-descriptions=0&hide-ccp=0&hide-gc=0&side-by-side=1&strands-start-index=0,5500,402,9037
Health and Physical Education,Year 7,https://v9.australiancurriculum.edu.au/f-10-curriculum/learning-areas/health-and-physical-education/year-7?view=quick&detailed-content-descriptions=0&hide-ccp=0&hide-gc=0&side-by-side=1&strands-start-index=0,5500,439,9763
Health and Physical Education,Year 8,https://v9.australiancurriculum.edu.au/f-10-curriculum/learning-areas/health-and-physical-education/year-8?view=quick&detailed-content-descriptions=0&hide-ccp=0&hide-gc=0&side-by-side=1&strands-start-index=0,5500,439,9763
Health and Physical Education,Year 9,https://v9.australiancurriculum.edu.au/f-10-curriculum/learning-areas/health-and-physical-education/year-9?view=quick&detailed-content-descriptions=0&hide-ccp=0&hide-gc=0&side-by-side=1&strands-start-index=0,5500,498,10284
Health and Physical Education,Year 10,https://v9.australiancurriculum.edu.au/f-10-curriculum/learning-areas/health-and-physical-education/year-10?view=quick&detailed-content-descriptions=0&hide-ccp=0&hide-gc=0&side-by-side=1&strands-start-index=0,5500,498,10286
HASS F-6,Foundation Year,https://v9.australiancurriculum.edu.au/f-10-curriculum/learning-areas/hass-f-6/foundation-year?view=quick&detailed-content-descriptions=0&hide-ccp=0&hide-gc=0&side-by-side=1&strands-start-index=0,3597,365,8124
HASS F-6,Year 1,https://v9.australiancurriculum.edu.au/f-10-curriculum/learning-areas/hass-f-6/year-1?view=quick&detailed-content-descriptions=0&hide-ccp=0&hide-gc=0&side-by-side=1&strands-start-index=0,3597,396,12502
HASS F-6,Year 2,https://v9.australiancurriculum.edu.au/f-10-curriculum/learning-areas/hass-f-6/year-2?view=quick&detailed-content-descriptions=0&hide-ccp=0&hide-gc=0&side-by-side=1&strands-start-index=0,3597,465,14578
HASS F-6,Year 3,https://v9.australiancurriculum.edu.au/f-10-curriculum/learning-areas/hass-f-6/year-3?view=quick&detailed-content-descriptions=0&hide-ccp=0&hide-gc=0&side-by-side=1&strands-start-index=0,3597,370,25175
HASS F-6,Year 4,https://v9.australiancurriculum.edu.au/f-10-curriculum/learning-areas/hass-f-6/year-4?view=quick&detailed-content-descriptions=0&hide-ccp=0&hide-gc=0&side-by-side=1&strands-start-index=0,3597,425,28283
HASS F-6,Year 5,https://v9.australiancurriculum.edu.au/f-10-curriculum/learning-areas/hass-f-6/year-5?view=quick&detailed-content-descriptions=0&hide-ccp=0&hide-gc=0&side-by-side=1&strands-start-index=0,3597,431,29649
HASS F-6,Year 6,https://v9.australiancurriculum.edu.au/f-10-curriculum/learning-areas/hass-f-6/year-6?view=quick&detailed-content-descriptions=0&hide-ccp=0&hide-gc=0&side-by-side=1&strands-start-index=0,3597,491,29790
Civics and Citizenship 7-10,Year 7,https://v9.australiancurriculum.edu.au/f-10-curriculum/learning-areas/civics-and-citizenship-7-10/year-7?view=quick&detailed-content-descriptions=0&hide-ccp=0&hide-gc=0&side-by-side=1&strands-start-index=0,3597,294,21581
Civics and Citizenship 7-10,Year 8,https://v9.australiancurriculum.edu.au/f-10-curriculum/learning-areas/civics-and-citizenship-7-10/year-8?view=quick&detailed-content-descriptions=0&hide-ccp=0&hide-gc=0&side-by-side=1&strands-start-index=0,3597,294,20897
Civics and Citizenship 7-10,Year 9,https://v9.australiancurriculum.edu.au/f-10-curriculum/learning-areas/civics-and-citizenship-7-10/year-9?view=quick&detailed-content-descriptions=0&hide-ccp=0&hide-gc=0&side-by-side=1&strands-start-index=0,3597,290,14704
Civics and Citizenship 7-10,Year 10,https://v9.australiancurriculum.edu.au/f-10-curriculum/learning-areas/civics-and-citizenship-7-10/year-10?view=quick&detailed-content-descriptions=0&hide-ccp=0&hide-gc=0&side-by-side=1&strands-start-index=0,3597,347,15874
Economics and Business 7-10,Year 7,https://v9.australiancurriculum.edu.au/f-10-curriculum/learning-areas/economics-and-business-7-10/year-7?view=quick&detailed-content-descriptions=0&hide-ccp=0&hide-gc=0&side-by-side=1&strands-start-index=0,3597,337,18729
Economics and Business 7-10,Year 8,https://v9.australiancurriculum.edu.au/f-10-curriculum/learning-areas/economics-and-business-7-10/year-8?view=quick&detailed-content-descriptions=0&hide-ccp=0&hide-gc=0&side-by-side=1&strands-start-index=0,3597,351,18795
Economics and Business 7-10,Year 9,https://v9.australiancurriculum.edu.au/f-10-curriculum/learning-areas/economics-and-business-7-10/year-9?view=quick&detailed-content-descriptions=0&hide-ccp=0&hide-gc=0&side-by-side=1&strands-start-index=0,3597,381,18878
Economics and Business 7-10,Year 10,https://v9.australiancurriculum.edu.au/f-10-curriculum/learning-areas/economics-and-business-7-10/year-10?view=quick&detailed-content-descriptions=0&hide-ccp=0&hide-gc=0&side-by-side=1&strands-start-index=0,3597,384,15245
Geography 7-10,Year 7,https://v9.australiancurriculum.edu.au/f-10-curriculum/learning-areas/geography-7-10/year-7?view=quick&detailed-content-descriptions=0&hide-ccp=0&hide-gc=0&side-by-side=1&strands-start-index=0,3597,411,21847
Geography 7-10,Year 8,https://v9.australiancurriculum.edu.au/f-10-curriculum/learning-areas/geography-7-10/year-8?view=quick&detailed-content-descriptions=0&hide-ccp=0&hide-gc=0&side-by-side=1&strands-start-index=0,3597,441,27708
Geography 7-10,Year 9,https://v9.australiancurriculum.edu.au/f-10-curriculum/learning-areas/geography-7-10/year-9?view=quick&detailed-content-descriptions=0&hide-ccp=0&hide-gc=0&side-by-side=1&strands-start-index=0,3597,455,24736
Geography 7-10,Year 10,https://v9.australiancurriculum.edu.au/f-10-curriculum/learning-areas/geography-7-10/year-10?view=quick&detailed-content-descriptions=0&hide-ccp=0&hide-gc=0&side-by-side=1&strands-start-index=0,3597,449,21412
History 7-10,Year 7,https://v9.australiancurriculum.edu.au/f-10-curriculum/learning-areas/history-7-10/year-7?view=quick&detailed-content-descriptions=0&hide-ccp=0&hide-gc=0&side-by-side=1&strands-start-index=0,3597,505,41177
History 7-10,Year 8,https://v9.australiancurriculum.edu.au/f-10-curriculum/learning-areas/history-7-10/year-8?view=quick&detailed-content-descriptions=0&hide-ccp=0&hide-gc=0&side-by-side=1&strands-start-index=0,3597,663,43320
History 7-10,Year 9,https://v9.australiancurriculum.edu.au/f-10-curriculum/learning-areas/history-7-10/year-9?view=quick&detailed-content-descriptions=0&hide-ccp=0&hide-gc=0&side-by-side=1&strands-start-index=0,3597,535,36394
History 7-10,Year 10,https://v9.australiancurriculum.edu.au/f-10-curriculum/learning-areas/history-7-10/year-10?view=quick&detailed-content-descriptions=0&hide-ccp=0&hide-gc=0&side-by-side=1&strands-start-index=0,3597,589,39971
Design and Technologies,Foundation Year,https://v9.australiancurriculum.edu.au/f-10-curriculum/learning-areas/design-and-technologies/foundation-year?view=quick&detailed-content-descriptions=0&hide-ccp=0&hide-gc=0&side-by-side=1&strands-start-index=0,5691,305,2562
Design and Technologies,Year 1,https://v9.australiancurriculum.edu.au/f-10-curriculum/learning-areas/design-and-technologies/year-1?view=quick&detailed-content-descriptions=0&hide-ccp=0&hide-gc=0&side-by-side=1&strands-start-index=0,5691,453,
Design and Technologies,Year 2,https://v9.australiancurriculum.edu.au/f-10-curriculum/learning-areas/design-and-technologies/year-2?view=quick&detailed-content-descriptions=0&hide-ccp=0&hide-gc=0&side-by-side=1&strands-start-index=0,5691,453,9994
Design and Technologies,Year 3,https://v9.australiancurriculum.edu.au/f-10-curriculum/learning-areas/design-and-technologies/year-3?view=quick&detailed-content-descriptions=0&hide-ccp=0&hide-gc=0&side-by-side=1&strands-start-index=0,5691,553,15036
Design and Technologies,Year 4,https://v9.australiancurriculum.edu.au/f-10-curriculum/learning-areas/design-and-technologies/year-4?view=quick&detailed-content-descriptions=0&hide-ccp=0&hide-gc=0&side-by-side=1&strands-start-index=0,5691,553,15036
Design and Technologies,Year 5,https://v9.australiancurriculum.edu.au/f-10-curriculum/learning-areas/design-and-technologies/year-5?view=quick&detailed-content-descriptions=0&hide-ccp=0&hide-gc=0&side-by-side=1&strands-start-index=0,5691,569,19280
Design and Technologies,Year 6,https://v9.australiancurriculum.edu.au/f-10-curriculum/learning-areas/design-and-technologies/year-6?view=quick&detailed-content-descriptions=0&hide-ccp=0&hide-gc=0&side-by-side=1&strands-start-index=0,5691,569,19280
Design and Technologies,Year 7,https://v9.australiancurriculum.edu.au/f-10-curriculum/learning-areas/design-and-technologies/year-7?view=quick&detailed-content-descriptions=0&hide-ccp=0&hide-gc=0&side-by-side=1&strands-start-index=0,5691,597,19218
Design and Technologies,Year 8,https://v9.australiancurriculum.edu.au/f-10-curriculum/learning-areas/design-and-technologies/year-8?view=quick&detailed-content-descriptions=0&hide-ccp=0&hide-gc=0&side-by-side=1&strands-start-index=0,5691,597,19727
Design and Technologies,Year 9,https://v9.australiancurriculum.edu.au/f-10-curriculum/learning-areas/design-and-technologies/year-9?view=quick&detailed-content-descriptions=0&hide-ccp=0&hide-gc=0&side-by-side=1&strands-start-index=0,5691,505,17225
Design and Technologies,Year 10,https://v9.australiancurriculum.edu.au/f-10-curriculum/learning-areas/design-and-technologies/year-10?view=quick&detailed-content-descriptions=0&hide-ccp=0&hide-gc=0&side-by-side=1&strands-start-index=0,5691,505,17227
Digital Technologies,Foundation Year,https://v9.australiancurriculum.edu.au/f-10-curriculum/learning-areas/digital-technologies/foundation-year?view=quick&detailed-content-descriptions=0&hide-ccp=0&hide-gc=0&side-by-side=1&strands-start-index=0,5691,314,2421
Digital Technologies,Year 1,https://v9.australiancurriculum.edu.au/f-10-curriculum/learning-areas/digital-technologies/year-1?view=quick&detailed-content-descriptions=0&hide-ccp=0&hide-gc=0&side-by-side=1&strands-start-index=0,5691,447,11248
Digital Technologies,Year 2,https://v9.australiancurriculum.edu.au/f-10-curriculum/learning-areas/digital-technologies/year-2?view=quick&detailed-content-descriptions=0&hide-ccp=0&hide-gc=0&side-by-side=1&strands-start-index=0,5691,447,11248
Digital Technologies,Year 3,https://v9.australiancurriculum.edu.au/f-10-curriculum/learning-areas/digital-technologies/year-3?view=quick&detailed-content-descriptions=0&hide-ccp=0&hide-gc=0&side-by-side=1&strands-start-index=0,5691,601,16125
Digital Technologies,Year 4,https://v9.australiancurriculum.edu.au/f-10-curriculum/learning-areas/digital-technologies/year-4?view=quick&detailed-content-descriptions=0&hide-ccp=0&hide-gc=0&side-by-side=1&strands-start-index=0,5691,601,16125
Digital Technologies,Year 5,https://v9.australiancurriculum.edu.au/f-10-curriculum/learning-areas/digital-technologies/year-5?view=quick&detailed-content-descriptions=0&hide-ccp=0&hide-gc=0&side-by-side=1&strands-start-index=0,5691,598,20555
Digital Technologies,Year 6,https://v9.australiancurriculum.edu.au/f-10-curriculum/learning-areas/digital-technologies/year-6?view=quick&detailed-content-descriptions=0&hide-ccp=0&hide-gc=0&side-by-side=1&strands-start-index=0,5691,598,20555
Digital Technologies,Year 7,https://v9.australiancurriculum.edu.au/f-10-curriculum/learning-areas/digital-technologies/year-7?view=quick&detailed-content-descriptions=0&hide-ccp=0&hide-gc=0&side-by-side=1&strands-start-index=0,5691,686,
Digital Technologies,Year 8,https://v9.australiancurriculum.edu.au/f-10-curriculum/learning-areas/digital-technologies/year-8?view=quick&detailed-content-descriptions=0&hide-ccp=0&hide-gc=0&side-by-side=1&strands-start-index=0,5691,686,26532
Digital Technologies,Year 9,https://v9.australiancurriculum.edu.au/f-10-curriculum/learning-areas/digital-technologies/year-9?view=quick&detailed-content-descriptions=0&hide-ccp=0&hide-gc=0&side-by-side=1&strands-start-index=0,5691,521,21510
Digital Technologies,Year 10,https://v9.australiancurriculum.edu.au/f-10-curriculum/learning-areas/digital-technologies/year-10?view=quick&detailed-content-descriptions=0&hide-ccp=0&hide-gc=0&side-by-side=1&strands-start-index=0,5691,521,21510
Dance,Foundation Year,https://v9.australiancurriculum.edu.au/f-10-curriculum/learning-areas/dance/foundation-year?view=quick&detailed-content-descriptions=0&hide-ccp=0&hide-gc=0&side-by-side=1&strands-start-index=0,5302,411,11814
Dance,Year 1,https://v9.australiancurriculum.edu.au/f-10-curriculum/learning-areas/dance/year-1?view=quick&detailed-content-descriptions=0&hide-ccp=0&hide-gc=0&side-by-side=1&strands-start-index=0,5302,441,8813
Dance,Year 2,https://v9.australiancurriculum.edu.au/f-10-curriculum/learning-areas/dance/year-2?view=quick&detailed-content-descriptions=0&hide-ccp=0&hide-gc=0&side-by-side=1&strands-start-index=0,5302,441,8813
Dance,Year 3,https://v9.australiancurriculum.edu.au/f-10-curriculum/learning-areas/dance/year-3?view=quick&detailed-content-descriptions=0&hide-ccp=0&hide-gc=0&side-by-side=1&strands-start-index=0,5302,538,7821
Dance,Year 4,https://v9.australiancurriculum.edu.au/f-10-curriculum/learning-areas/dance/year-4?view=quick&detailed-content-descriptions=0&hide-ccp=0&hide-gc=0&side-by-side=1&strands-start-index=0,5302,538,7821
Dance,Year 5,https://v9.australiancurriculum.edu.au/f-10-curriculum/learning-areas/dance/year-5?view=quick&detailed-content-descriptions=0&hide-ccp=0&hide-gc=0&side-by-side=1&strands-start-index=0,5302,545,8504
Dance,Year 6,https://v9.australiancurriculum.edu.au/f-10-curriculum/learning-areas/dance/year-6?view=quick&detailed-content-descriptions=0&hide-ccp=0&hide-gc=0&side-by-side=1&strands-start-index=0,5302,545,8504
Dance,Year 7,https://v9.australiancurriculum.edu.au/f-10-curriculum/learning-areas/dance/year-7?view=quick&detailed-content-descriptions=0&hide-ccp=0&hide-gc=0&side-by-side=1&strands-start-index=0,5302,495,11520
Dance,Year 8,https://v9.australiancurriculum.edu.au/f-10-curriculum/learning-areas/dance/year-8?view=quick&detailed-content-descriptions=0&hide-ccp=0&hide-gc=0&side-by-side=1&strands-start-index=0,5302,495,11520
Dance,Year 9,https://v9.australiancurriculum.edu.au/f-10-curriculum/learning-areas/dance/year-9?view=quick&detailed-content-descriptions=0&hide-ccp=0&hide-gc=0&side-by-side=1&strands-start-index=0,5302,514,9906
Dance,Year 10,https://v9.australiancurriculum.edu.au/f-10-curriculum/learning-areas/dance/year-10?view=quick&detailed-content-descriptions=0&hide-ccp=0&hide-gc=0&side-by-side=1&strands-start-index=0,5302,514,9906
Drama,Foundation Year,https://v9.australiancurriculum.edu.au/f-10-curriculum/learning-areas/drama/foundation-year?view=quick&detailed-content-descriptions=0&hide-ccp=0&hide-gc=0&side-by-side=1&strands-start-index=0,5302,352,11718
Drama,Year 1,https://v9.australiancurriculum.edu.au/f-10-curriculum/learning-areas/drama/year-1?view=quick&detailed-content-descriptions=0&hide-ccp=0&hide-gc=0&side-by-side=1&strands-start-index=0,5302,383,8346
Drama,Year 2,https://v9.australiancurriculum.edu.au/f-10-curriculum/learning-areas/drama/year-2?view=quick&detailed-content-descriptions=0&hide-ccp=0&hide-gc=0&side-by-side=1&strands-start-index=0,5302,383,8346
Drama,Year 3,https://v9.australiancurriculum.edu.au/f-10-curriculum/learning-areas/drama/year-3?view=quick&detailed-content-descriptions=0&hide-ccp=0&hide-gc=0&side-by-side=1&strands-start-index=0,5302,481,8620
Drama,Year 4,https://v9.australiancurriculum.edu.au/f-10-curriculum/learning-areas/drama/year-4?view=quick&detailed-content-descriptions=0&hide-ccp=0&hide-gc=0&side-by-side=1&strands-start-index=0,5302,481,8620
Drama,Year 5,https://v9.australiancurriculum.edu.au/f-10-curriculum/learning-areas/drama/year-5?view=quick&detailed-content-descriptions=0&hide-ccp=0&hide-gc=0&side-by-side=1&strands-start-index=0,5302,520,11073
Drama,Year 6,https://v9.australiancurriculum.edu.au/f-10-curriculum/learning-areas/drama/year-6?view=quick&detailed-content-descriptions=0&hide-ccp=0&hide-gc=0&side-by-side=1&strands-start-index=0,5302,520,11073
Drama,Year 7,https://v9.australiancurriculum.edu.au/f-10-curriculum/learning-areas/drama/year-7?view=quick&detailed-content-descriptions=0&hide-ccp=0&hide-gc=0&side-by-side=1&strands-start-index=0,5302,439,15831
Drama,Year 8,https://v9.australiancurriculum.edu.au/f-10-curriculum/learning-areas/drama/year-8?view=quick&detailed-content-descriptions=0&hide-ccp=0&hide-gc=0&side-by-side=1&strands-start-index=0,5302,439,15831
Drama,Year 9,https://v9.australiancurriculum.edu.au/f-10-curriculum/learning-areas/drama/year-9?view=quick&detailed-content-descriptions=0&hide-ccp=0&hide-gc=0&side-by-side=1&strands-start-index=0,5302,464,10045
Drama,Year 10,https://v9.australiancurriculum.edu.au/f-10-curriculum/learning-areas/drama/year-10?view=quick&detailed-content-descriptions=0&hide-ccp=0&hide-gc=0&side-by-side=1&strands-start-index=0,5302,464,10045
Media Arts,Foundation Year,https://v9.australiancurriculum.edu.au/f-10-curriculum/learning-areas/media-arts/foundation-year?view=quick&detailed-content-descriptions=0&hide-ccp=0&hide-gc=0&side-by-side=1&strands-start-index=0,5302,342,11718
Media Arts,Year 1,https://v9.australiancurriculum.edu.au/f-10-curriculum/learning-areas/media-arts/year-1?view=quick&detailed-content-descriptions=0&hide-ccp=0&hide-gc=0&side-by-side=1&strands-start-index=0,5302,416,9885
Media Arts,Year 2,https://v9.australiancurriculum.edu.au/f-10-curriculum/learning-areas/media-arts/year-2?view=quick&detailed-content-descriptions=0&hide-ccp=0&hide-gc=0&side-by-side=1&strands-start-index=0,5302,416,9885
Media Arts,Year 3,https://v9.australiancurriculum.edu.au/f-10-curriculum/learning-areas/media-arts/year-3?view=quick&detailed-content-descriptions=0&hide-ccp=0&hide-gc=0&side-by-side=1&strands-start-index=0,5302,481,13532
Media Arts,Year 4,https://v9.australiancurriculum.edu.au/f-10-curriculum/learning-areas/media-arts/year-4?view=quick&detailed-content-descriptions=0&hide-ccp=0&hide-gc=0&side-by-side=1&strands-start-index=0,5302,481,13532
Media Arts,Year 5,https://v9.australiancurriculum.edu.au/f-10-curriculum/learning-areas/media-arts/year-5?view=quick&detailed-content-descriptions=0&hide-ccp=0&hide-gc=0&side-by-side=1&strands-start-index=0,5302,504,16040
Media Arts,Year 6,https://v9.australiancurriculum.edu.au/f-10-curriculum/learning-areas/media-arts/year-6?view=quick&detailed-content-descriptions=0&hide-ccp=0&hide-gc=0&side-by-side=1&strands-start-index=0,5302,504,
Media Arts,Year 7,https://v9.australiancurriculum.edu.au/f-10-curriculum/learning-areas/media-arts/year-7?view=quick&detailed-content-descriptions=0&hide-ccp=0&hide-gc=0&side-by-side=1&strands-start-index=0,5302,433,
Media Arts,Year 8,https://v9.australiancurriculum.edu.au/f-10-curriculum/learning-areas/media-arts/year-8?view=quick&detailed-content-descriptions=0&hide-ccp=0&hide-gc=0&side-by-side=1&strands-start-index=0,5302,433,
Media Arts,Year 9,https://v9.australiancurriculum.edu.au/f-10-curriculum/learning-areas/media-arts/year-9?view=quick&detailed-content-descriptions=0&hide-ccp=0&hide-gc=0&side-by-side=1&strands-start-index=0,5302,429,
Media Arts,Year 10,https://v9.australiancurriculum.edu.au/f-10-curriculum/learning-areas/media-arts/year-10?view=quick&detailed-content-descriptions=0&hide-ccp=0&hide-gc=0&side-by-side=1&strands-start-index=0,5302,429,
Music,Foundation Year,https://v9.australiancurriculum.edu.au/f-10-curriculum/learning-areas/music/foundation-year?view=quick&detailed-content-descriptions=0&hide-ccp=0&hide-gc=0&side-by-side=1&strands-start-index=0,5302,352,
Music,Year 1,https://v9.australiancurriculum.edu.au/f-10-curriculum/learning-areas/music/year-1?view=quick&detailed-content-descriptions=0&hide-ccp=0&hide-gc=0&side-by-side=1&strands-start-index=0,5302,429,
Music,Year 2,https://v9.australiancurriculum.edu.au/f-10-curriculum/learning-areas/music/year-2?view=quick&detailed-content-descriptions=0&hide-ccp=0&hide-gc=0&side-by-side=1&strands-start-index=0,5302,429,
Music,Year 3,https://v9.australiancurriculum.edu.au/f-10-curriculum/learning-areas/music/year-3?view=quick&detailed-content-descriptions=0&hide-ccp=0&hide-gc=0&side-by-side=1&strands-start-index=0,5302,510,
Music,Year 4,https://v9.australiancurriculum.edu.au/f-10-curriculum/learning-areas/music/year-4?view=quick&detailed-content-descriptions=0&hide-ccp=0&hide-gc=0&side-by-side=1&strands-start-index=0,5302,510,
Music,Year 5,https://v9.australiancurriculum.edu.au/f-10-curriculum/learning-areas/music/year-5?view=quick&detailed-content-descriptions=0&hide-ccp=0&hide-gc=0&side-by-side=1&strands-start-index=0,5302,580,
Music,Year 6,https://v9.australiancurriculum.edu.au/f-10-curriculum/learning-areas/music/year-6?view=quick&detailed-content-descriptions=0&hide-ccp=0&hide-gc=0&side-by-side=1&strands-start-index=0,5302,580,
Music,Year 7,https://v9.australiancurriculum.edu.au/f-10-curriculum/learning-areas/music/year-7?view=quick&detailed-content-descriptions=0&hide-ccp=0&hide-gc=0&side-by-side=1&strands-start-index=0,5302,469,
Music,Year 8,https://v9.australiancurriculum.edu.au/f-10-curriculum/learning-areas/music/year-8?view=quick&detailed-content-descriptions=0&hide-ccp=0&hide-gc=0&side-by-side=1&strands-start-index=0,5302,469,
Music,Year 9,https://v9.australiancurriculum.edu.au/f-10-curriculum/learning-areas/music/year-9?view=quick&detailed-content-descriptions=0&hide-ccp=0&hide-gc=0&side-by-side=1&strands-start-index=0,5302,499,
Music,Year 10,https://v9.australiancurriculum.edu.au/f-10-curriculum/learning-areas/music/year-10?view=quick&detailed-content-descriptions=0&hide-ccp=0&hide-gc=0&side-by-side=1&strands-start-index=0,5302,499,
Visual Arts,Foundation Year,https://v9.australiancurriculum.edu.au/f-10-curriculum/learning-areas/visual-arts/foundation-year?view=quick&detailed-content-descriptions=0&hide-ccp=0&hide-gc=0&side-by-side=1&strands-start-index=0,5302,338,
Visual Arts,Year 1,https://v9.australiancurriculum.edu.au/f-10-curriculum/learning-areas/visual-arts/year-1?view=quick&detailed-content-descriptions=0&hide-ccp=0&hide-gc=0&side-by-side=1&strands-start-index=0,5302,403,
Visual Arts,Year 2,https://v9.australiancurriculum.edu.au/f-10-curriculum/learning-areas/visual-arts/year-2?view=quick&detailed-content-descriptions=0&hide-ccp=0&hide-gc=0&side-by-side=1&strands-start-index=0,5302,403,
Visual Arts,Year 3,https://v9.australiancurriculum.edu.au/f-10-curriculum/learning-areas/visual-arts/year-3?view=quick&detailed-content-descriptions=0&hide-ccp=0&hide-gc=0&side-by-side=1&strands-start-index=0,5302,468,
Visual Arts,Year 4,https://v9.australiancurriculum.edu.au/f-10-curriculum/learning-areas/visual-arts/year-4?view=quick&detailed-content-descriptions=0&hide-ccp=0&hide-gc=0&side-by-side=1&strands-start-index=0,5302,468,
Visual Arts,Year 5,https://v9.australiancurriculum.edu.au/f-10-curriculum/learning-areas/visual-arts/year-5?view=quick&detailed-content-descriptions=0&hide-ccp=0&hide-gc=0&side-by-side=1&strands-start-index=0,5302,516,
Visual Arts,Year 6,https://v9.australiancurriculum.edu.au/f-10-curriculum/learning-areas/visual-arts/year-6?view=quick&detailed-content-descriptions=0&hide-ccp=0&hide-gc=0&side-by-side=1&strands-start-index=0,5302,516,
Visual Arts,Year 7,https://v9.australiancurriculum.edu.au/f-10-curriculum/learning-areas/visual-arts/year-7?view=quick&detailed-content-descriptions=0&hide-ccp=0&hide-gc=0&side-by-side=1&strands-start-index=0,5302,412,
Visual Arts,Year 8,https://v9.australiancurriculum.edu.au/f-10-curriculum/learning-areas/visual-arts/year-8?view=quick&detailed-content-descriptions=0&hide-ccp=0&hide-gc=0&side-by-side=1&strands-start-index=0,5302,412,
Visual Arts,Year 9,https://v9.australiancurriculum.edu.au/f-10-curriculum/learning-areas/visual-arts/year-9?view=quick&detailed-content-descriptions=0&hide-ccp=0&hide-gc=0&side-by-side=1&strands-start-index=0,5302,469,
Visual Arts,Year 10,https://v9.australiancurriculum.edu.au/f-10-curriculum/learning-areas/visual-arts/year-10?view=quick&detailed-content-descriptions=0&hide-ccp=0&hide-gc=0&side-by-side=1&strands-start-index=0,5302,469,
Arabic F-10 Sequence,Foundation Year,https://v9.australiancurriculum.edu.au/f-10-curriculum/learning-areas/arabic-f-10-sequence/foundation-year?view=quick&detailed-content-descriptions=0&hide-ccp=0&hide-gc=0&side-by-side=1&strands-start-index=0,3469,245,
Arabic F-10 Sequence,Year 1,https://v9.australiancurriculum.edu.au/f-10-curriculum/learning-areas/arabic-f-10-sequence/year-1?view=quick&detailed-content-descriptions=0&hide-ccp=0&hide-gc=0&side-by-side=1&strands-start-index=0,3469,388,
Arabic F-10 Sequence,Year 2,https://v9.australiancurriculum.edu.au/f-10-curriculum/learning-areas/arabic-f-10-sequence/year-2?view=quick&detailed-content-descriptions=0&hide-ccp=0&hide-gc=0&side-by-side=1&strands-start-index=0,3469,388,
Arabic F-10 Sequence,Year 3,https://v9.australiancurriculum.edu.au/f-10-curriculum/learning-areas/arabic-f-10-sequence/year-3?view=quick&detailed-content-descriptions=0&hide-ccp=0&hide-gc=0&side-by-side=1&strands-start-index=0,3469,406,
Arabic F-10 Sequence,Year 4,https://v9.australiancurriculum.edu.au/f-10-curriculum/learning-areas/arabic-f-10-sequence/year-4?view=quick&detailed-content-descriptions=0&hide-ccp=0&hide-gc=0&side-by-side=1&strands-start-index=0,3469,406,
Arabic F-10 Sequence,Year 5,https://v9.australiancurriculum.edu.au/f-10-curriculum/learning-areas/arabic-f-10-sequence/year-5?view=quick&detailed-content-descriptions=0&hide-ccp=0&hide-gc=0&side-by-side=1&strands-start-index=0,3469,370,
Arabic F-10 Sequence,Year 6,https://v9.australiancurriculum.edu.au/f-10-curriculum/learning-areas/arabic-f-10-sequence/year-6?view=quick&detailed-content-descriptions=0&hide-ccp=0&hide-gc=0&side-by-side=1&strands-start-index=0,3469,370,
Arabic F-10 Sequence,Year 7,https://v9.australiancurriculum.edu.au/f-10-curriculum/learning-areas/arabic-f-10-sequence/year-7?view=quick&detailed-content-descriptions=0&hide-ccp=0&hide-gc=0&side-by-side=1&strands-start-index=0,3469,351,
Arabic F-10 Sequence,Year 8,https://v9.australiancurriculum.edu.au/f-10-curriculum/learning-areas/arabic-f-10-sequence/year-8?view=quick&detailed-content-descriptions=0&hide-ccp=0&hide-gc=0&side-by-side=1&strands-start-index=0,3469,351,
Arabic F-10 Sequence,Year 9,https://v9.australiancurriculum.edu.au/f-10-curriculum/learning-areas/arabic-f-10-sequence/year-9?view=quick&detailed-content-descriptions=0&hide-ccp=0&hide-gc=0&side-by-side=1&strands-start-index=0,3469,382,
Arabic F-10 Sequence,Year 10,https://v9.australiancurriculum.edu.au/f-10-curriculum/learning-areas/arabic-f-10-sequence/year-10?view=quick&detailed-content-descriptions=0&hide-ccp=0&hide-gc=0&side-by-side=1&strands-start-index=0,3469,382,
Arabic 7-10 Sequence,Year 7,https://v9.australiancurriculum.edu.au/f-10-curriculum/learning-areas/arabic-7-10-sequence/year-7?view=quick&detailed-content-descriptions=0&hide-ccp=0&hide-gc=0&side-by-side=1&strands-start-index=0,3469,380,
Arabic 7-10 Sequence,Year 8,https://v9.australiancurriculum.edu.au/f-10-curriculum/learning-areas/arabic-7-10-sequence/year-8?view=quick&detailed-content-descriptions=0&hide-ccp=0&hide-gc=0&side-by-side=1&strands-start-index=0,3469,380,
Arabic 7-10 Sequence,Year 9,https://v9.australiancurriculum.edu.au/f-10-curriculum/learning-areas/arabic-7-10-sequence/year-9?view=quick&detailed-content-descriptions=0&hide-ccp=0&hide-gc=0&side-by-side=1&strands-start-index=0,3469,390,
Arabic 7-10 Sequence,Year 10,https://v9.australiancurriculum.edu.au/f-10-curriculum/learning-areas/arabic-7-10-sequence/year-10?view=quick&detailed-content-descriptions=0&hide-ccp=0&hide-gc=0&side-by-side=1&strands-start-index=0,3469,390,
Auslan First-LL Pathway F-10,Foundation Year,https://v9.australiancurriculum.edu.au/f-10-curriculum/learning-areas/auslan-first-language-learner-pathway-f-10-sequence/foundation-year?view=quick&detailed-content-descriptions=0&hide-ccp=0&hide-gc=0&side-by-side=1&strands-start-index=0,3469,208,
Auslan First-LL Pathway F-10,Year 1,https://v9.australiancurriculum.edu.au/f-10-curriculum/learning-areas/auslan-first-language-learner-pathway-f-10-sequence/year-1?view=quick&detailed-content-descriptions=0&hide-ccp=0&hide-gc=0&side-by-side=1&strands-start-index=0,3469,339,
Auslan First-LL Pathway F-10,Year 2,https://v9.australiancurriculum.edu.au/f-10-curriculum/learning-areas/auslan-first-language-learner-pathway-f-10-sequence/year-2?view=quick&detailed-content-descriptions=0&hide-ccp=0&hide-gc=0&side-by-side=1&strands-start-index=0,3469,339,
Auslan First-LL Pathway F-10,Year 3,https://v9.australiancurriculum.edu.au/f-10-curriculum/learning-areas/auslan-first-language-learner-pathway-f-10-sequence/year-3?view=quick&detailed-content-descriptions=0&hide-ccp=0&hide-gc=0&side-by-side=1&strands-start-index=0,3469,343,
Auslan First-LL Pathway F-10,Year 4,https://v9.australiancurriculum.edu.au/f-10-curriculum/learning-areas/auslan-first-language-learner-pathway-f-10-sequence/year-4?view=quick&detailed-content-descriptions=0&hide-ccp=0&hide-gc=0&side-by-side=1&strands-start-index=0,3469,343,
Auslan First-LL Pathway F-10,Year 5,https://v9.australiancurriculum.edu.au/f-10-curriculum/learning-areas/auslan-first-language-learner-pathway-f-10-sequence/year-5?view=quick&detailed-content-descriptions=0&hide-ccp=0&hide-gc=0&side-by-side=1&strands-start-index=0,3469,321,
Auslan First-LL Pathway F-10,Year 6,https://v9.australiancurriculum.edu.au/f-10-curriculum/learning-areas/auslan-first-language-learner-pathway-f-10-sequence/year-6?view=quick&detailed-content-descriptions=0&hide-ccp=0&hide-gc=0&side-by-side=1&strands-start-index=0,3469,321,
Auslan First-LL Pathway F-10,Year 7,https://v9.australiancurriculum.edu.au/f-10-curriculum/learning-areas/auslan-first-language-learner-pathway-f-10-sequence/year-7?view=quick&detailed-content-descriptions=0&hide-ccp=0&hide-gc=0&side-by-side=1&strands-start-index=0,3469,301,
Auslan First-LL Pathway F-10,Year 8,https://v9.australiancurriculum.edu.au/f-10-curriculum/learning-areas/auslan-first-language-learner-pathway-f-10-sequence/year-8?view=quick&detailed-content-descriptions=0&hide-ccp=0&hide-gc=0&side-by-side=1&strands-start-index=0,3469,301,
Auslan First-LL Pathway F-10,Year 9,https://v9.australiancurriculum.edu.au/f-10-curriculum/learning-areas/auslan-first-language-learner-pathway-f-10-sequence/year-9?view=quick&detailed-content-descriptions=0&hide-ccp=0&hide-gc=0&side-by-side=1&strands-start-index=0,3469,323,
Auslan First-LL Pathway F-10,Year 10,https://v9.australiancurriculum.edu.au/f-10-curriculum/learning-areas/auslan-first-language-learner-pathway-f-10-sequence/year-10?view=quick&detailed-content-descriptions=0&hide-ccp=0&hide-gc=0&side-by-side=1&strands-start-index=0,3469,323,
Auslan First-LL Pathway 7-10,Year 7,https://v9.australiancurriculum.edu.au/f-10-curriculum/learning-areas/auslan-first-language-learner-pathway-7-10-sequence/year-7?view=quick&detailed-content-descriptions=0&hide-ccp=0&hide-gc=0&side-by-side=1&strands-start-index=0,3469,335,
Auslan First-LL Pathway 7-10,Year 8,https://v9.australiancurriculum.edu.au/f-10-curriculum/learning-areas/auslan-first-language-learner-pathway-7-10-sequence/year-8?view=quick&detailed-content-descriptions=0&hide-ccp=0&hide-gc=0&side-by-side=1&strands-start-index=0,3469,335,
Auslan First-LL Pathway 7-10,Year 9,https://v9.australiancurriculum.edu.au/f-10-curriculum/learning-areas/auslan-first-language-learner-pathway-7-10-sequence/year-9?view=quick&detailed-content-descriptions=0&hide-ccp=0&hide-gc=0&side-by-side=1&strands-start-index=0,3469,336,
Auslan First-LL Pathway 7-10,Year 10,https://v9.australiancurriculum.edu.au/f-10-curriculum/learning-areas/auslan-first-language-learner-pathway-7-10-sequence/year-10?view=quick&detailed-content-descriptions=0&hide-ccp=0&hide-gc=0&side-by-side=1&strands-start-index=0,3469,336,
Auslan Second-LL Pathway F-10,Foundation Year,https://v9.australiancurriculum.edu.au/f-10-curriculum/learning-areas/auslan-second-language-learner-pathway-f-10-sequence/foundation-year?view=quick&detailed-content-descriptions=0&hide-ccp=0&hide-gc=0&side-by-side=1&strands-start-index=0,3469,201,
Auslan Second-LL Pathway F-10,Year 1,https://v9.australiancurriculum.edu.au/f-10-curriculum/learning-areas/auslan-second-language-learner-pathway-f-10-sequence/year-1?view=quick&detailed-content-descriptions=0&hide-ccp=0&hide-gc=0&side-by-side=1&strands-start-index=0,3469,319,
Auslan Second-LL Pathway F-10,Year 2,https://v9.australiancurriculum.edu.au/f-10-curriculum/learning-areas/auslan-second-language-learner-pathway-f-10-sequence/year-2?view=quick&detailed-content-descriptions=0&hide-ccp=0&hide-gc=0&side-by-side=1&strands-start-index=0,3469,319,
Auslan Second-LL Pathway F-10,Year 3,https://v9.australiancurriculum.edu.au/f-10-curriculum/learning-areas/auslan-second-language-learner-pathway-f-10-sequence/year-3?view=quick&detailed-content-descriptions=0&hide-ccp=0&hide-gc=0&side-by-side=1&strands-start-index=0,3469,316,
Auslan Second-LL Pathway F-10,Year 4,https://v9.australiancurriculum.edu.au/f-10-curriculum/learning-areas/auslan-second-language-learner-pathway-f-10-sequence/year-4?view=quick&detailed-content-descriptions=0&hide-ccp=0&hide-gc=0&side-by-side=1&strands-start-index=0,3469,316,
Auslan Second-LL Pathway F-10,Year 5,https://v9.australiancurriculum.edu.au/f-10-curriculum/learning-areas/auslan-second-language-learner-pathway-f-10-sequence/year-5?view=quick&detailed-content-descriptions=0&hide-ccp=0&hide-gc=0&side-by-side=1&strands-start-index=0,3469,317,
Auslan Second-LL Pathway F-10,Year 6,https://v9.australiancurriculum.edu.au/f-10-curriculum/learning-areas/auslan-second-language-learner-pathway-f-10-sequence/year-6?view=quick&detailed-content-descriptions=0&hide-ccp=0&hide-gc=0&side-by-side=1&strands-start-index=0,3469,317,
Auslan Second-LL Pathway F-10,Year 7,https://v9.australiancurriculum.edu.au/f-10-curriculum/learning-areas/auslan-second-language-learner-pathway-f-10-sequence/year-7?view=quick&detailed-content-descriptions=0&hide-ccp=0&hide-gc=0&side-by-side=1&strands-start-index=0,3469,279,
Auslan Second-LL Pathway F-10,Year 8,https://v9.australiancurriculum.edu.au/f-10-curriculum/learning-areas/auslan-second-language-learner-pathway-f-10-sequence/year-8?view=quick&detailed-content-descriptions=0&hide-ccp=0&hide-gc=0&side-by-side=1&strands-start-index=0,3469,279,
Auslan Second-LL Pathway F-10,Year 9,https://v9.australiancurriculum.edu.au/f-10-curriculum/learning-areas/auslan-second-language-learner-pathway-f-10-sequence/year-9?view=quick&detailed-content-descriptions=0&hide-ccp=0&hide-gc=0&side-by-side=1&strands-start-index=0,3469,300,
Auslan Second-LL Pathway F-10,Year 10,https://v9.australiancurriculum.edu.au/f-10-curriculum/learning-areas/auslan-second-language-learner-pathway-f-10-sequence/year-10?view=quick&detailed-content-descriptions=0&hide-ccp=0&hide-gc=0&side-by-side=1&strands-start-index=0,3469,300,
Auslan Second-LL Pathway 7-10,Year 7,https://v9.australiancurriculum.edu.au/f-10-curriculum/learning-areas/auslan-second-language-learner-pathway-7-10-sequence/year-7?view=quick&detailed-content-descriptions=0&hide-ccp=0&hide-gc=0&side-by-side=1&strands-start-index=0,3469,335,
Auslan Second-LL Pathway 7-10,Year 8,https://v9.australiancurriculum.edu.au/f-10-curriculum/learning-areas/auslan-second-language-learner-pathway-7-10-sequence/year-8?view=quick&detailed-content-descriptions=0&hide-ccp=0&hide-gc=0&side-by-side=1&strands-start-index=0,3469,335,
Auslan Second-LL Pathway 7-10,Year 9,https://v9.australiancurriculum.edu.au/f-10-curriculum/learning-areas/auslan-second-language-learner-pathway-7-10-sequence/year-9?view=quick&detailed-content-descriptions=0&hide-ccp=0&hide-gc=0&side-by-side=1&strands-start-index=0,3469,336,
Auslan Second-LL Pathway 7-10,Year 10,https://v9.australiancurriculum.edu.au/f-10-curriculum/learning-areas/auslan-second-language-learner-pathway-7-10-sequence/year-10?view=quick&detailed-content-descriptions=0&hide-ccp=0&hide-gc=0&side-by-side=1&strands-start-index=0,3469,336,
Chinese Background LL F-10,Foundation Year,https://v9.australiancurriculum.edu.au/f-10-curriculum/learning-areas/chinese-background-language-learner-pathway-f-10-sequence/foundation-year?view=quick&detailed-content-descriptions=0&hide-ccp=0&hide-gc=0&side-by-side=1&strands-start-index=0,3469,248,
Chinese Background LL F-10,Year 1,https://v9.australiancurriculum.edu.au/f-10-curriculum/learning-areas/chinese-background-language-learner-pathway-f-10-sequence/year-1?view=quick&detailed-content-descriptions=0&hide-ccp=0&hide-gc=0&side-by-side=1&strands-start-index=0,3469,378,
Chinese Background LL F-10,Year 2,https://v9.australiancurriculum.edu.au/f-10-curriculum/learning-areas/chinese-background-language-learner-pathway-f-10-sequence/year-2?view=quick&detailed-content-descriptions=0&hide-ccp=0&hide-gc=0&side-by-side=1&strands-start-index=0,3469,378,
Chinese Background LL F-10,Year 3,https://v9.australiancurriculum.edu.au/f-10-curriculum/learning-areas/chinese-background-language-learner-pathway-f-10-sequence/year-3?view=quick&detailed-content-descriptions=0&hide-ccp=0&hide-gc=0&side-by-side=1&strands-start-index=0,3469,393,
Chinese Background LL F-10,Year 4,https://v9.australiancurriculum.edu.au/f-10-curriculum/learning-areas/chinese-background-language-learner-pathway-f-10-sequence/year-4?view=quick&detailed-content-descriptions=0&hide-ccp=0&hide-gc=0&side-by-side=1&strands-start-index=0,3469,393,
Chinese Background LL F-10,Year 5,https://v9.australiancurriculum.edu.au/f-10-curriculum/learning-areas/chinese-background-language-learner-pathway-f-10-sequence/year-5?view=quick&detailed-content-descriptions=0&hide-ccp=0&hide-gc=0&side-by-side=1&strands-start-index=0,3469,341,
Chinese Background LL F-10,Year 6,https://v9.australiancurriculum.edu.au/f-10-curriculum/learning-areas/chinese-background-language-learner-pathway-f-10-sequence/year-6?view=quick&detailed-content-descriptions=0&hide-ccp=0&hide-gc=0&side-by-side=1&strands-start-index=0,3469,341,
Chinese Background LL F-10,Year 7,https://v9.australiancurriculum.edu.au/f-10-curriculum/learning-areas/chinese-background-language-learner-pathway-f-10-sequence/year-7?view=quick&detailed-content-descriptions=0&hide-ccp=0&hide-gc=0&side-by-side=1&strands-start-index=0,3469,336,
Chinese Background LL F-10,Year 8,https://v9.australiancurriculum.edu.au/f-10-curriculum/learning-areas/chinese-background-language-learner-pathway-f-10-sequence/year-8?view=quick&detailed-content-descriptions=0&hide-ccp=0&hide-gc=0&side-by-side=1&strands-start-index=0,3469,336,
Chinese Background LL F-10,Year 9,https://v9.australiancurriculum.edu.au/f-10-curriculum/learning-areas/chinese-background-language-learner-pathway-f-10-sequence/year-9?view=quick&detailed-content-descriptions=0&hide-ccp=0&hide-gc=0&side-by-side=1&strands-start-index=0,3469,361,
Chinese Background LL F-10,Year 10,https://v9.australiancurriculum.edu.au/f-10-curriculum/learning-areas/chinese-background-language-learner-pathway-f-10-sequence/year-10?view=quick&detailed-content-descriptions=0&hide-ccp=0&hide-gc=0&side-by-side=1&strands-start-index=0,3469,361,
Chinese Background/First LL 7-10,Year 7,https://v9.australiancurriculum.edu.au/f-10-curriculum/learning-areas/chinese-background-language-and-first-language-learner-pathway-7-10-sequence/year-7?view=quick&detailed-content-descriptions=0&hide-ccp=0&hide-gc=0&side-by-side=1&strands-start-index=0,3469,394,
Chinese Background/First LL 7-10,Year 8,https://v9.australiancurriculum.edu.au/f-10-curriculum/learning-areas/chinese-background-language-and-first-language-learner-pathway-7-10-sequence/year-8?view=quick&detailed-content-descriptions=0&hide-ccp=0&hide-gc=0&side-by-side=1&strands-start-index=0,3469,394,
Chinese Background/First LL 7-10,Year 9,https://v9.australiancurriculum.edu.au/f-10-curriculum/learning-areas/chinese-background-language-and-first-language-learner-pathway-7-10-sequence/year-9?view=quick&detailed-content-descriptions=0&hide-ccp=0&hide-gc=0&side-by-side=1&strands-start-index=0,3469,384,
Chinese Background/First LL 7-10,Year 10,https://v9.australiancurriculum.edu.au/f-10-curriculum/learning-areas/chinese-background-language-and-first-language-learner-pathway-7-10-sequence/year-10?view=quick&detailed-content-descriptions=0&hide-ccp=0&hide-gc=0&side-by-side=1&strands-start-index=0,3469,384,
Chinese Second-LL F-10,Foundation Year,https://v9.australiancurriculum.edu.au/f-10-curriculum/learning-areas/chinese-second-language-learner-pathway-f-10-sequence/foundation-year?view=quick&detailed-content-descriptions=0&hide-ccp=0&hide-gc=0&side-by-side=1&strands-start-index=0,3469,220,
Chinese Second-LL F-10,Year 1,https://v9.australiancurriculum.edu.au/f-10-curriculum/learning-areas/chinese-second-language-learner-pathway-f-10-sequence/year-1?view=quick&detailed-content-descriptions=0&hide-ccp=0&hide-gc=0&side-by-side=1&strands-start-index=0,3469,362,
Chinese Second-LL F-10,Year 2,https://v9.australiancurriculum.edu.au/f-10-curriculum/learning-areas/chinese-second-language-learner-pathway-f-10-sequence/year-2?view=quick&detailed-content-descriptions=0&hide-ccp=0&hide-gc=0&side-by-side=1&strands-start-index=0,3469,362,
Chinese Second-LL F-10,Year 3,https://v9.australiancurriculum.edu.au/f-10-curriculum/learning-areas/chinese-second-language-learner-pathway-f-10-sequence/year-3?view=quick&detailed-content-descriptions=0&hide-ccp=0&hide-gc=0&side-by-side=1&strands-start-index=0,3469,361,
Chinese Second-LL F-10,Year 4,https://v9.australiancurriculum.edu.au/f-10-curriculum/learning-areas/chinese-second-language-learner-pathway-f-10-sequence/year-4?view=quick&detailed-content-descriptions=0&hide-ccp=0&hide-gc=0&side-by-side=1&strands-start-index=0,3469,361,
Chinese Second-LL F-10,Year 5,https://v9.australiancurriculum.edu.au/f-10-curriculum/learning-areas/chinese-second-language-learner-pathway-f-10-sequence/year-5?view=quick&detailed-content-descriptions=0&hide-ccp=0&hide-gc=0&side-by-side=1&strands-start-index=0,3469,347,
Chinese Second-LL F-10,Year 6,https://v9.australiancurriculum.edu.au/f-10-curriculum/learning-areas/chinese-second-language-learner-pathway-f-10-sequence/year-6?view=quick&detailed-content-descriptions=0&hide-ccp=0&hide-gc=0&side-by-side=1&strands-start-index=0,3469,347,
Chinese Second-LL F-10,Year 7,https://v9.australiancurriculum.edu.au/f-10-curriculum/learning-areas/chinese-second-language-learner-pathway-f-10-sequence/year-7?view=quick&detailed-content-descriptions=0&hide-ccp=0&hide-gc=0&side-by-side=1&strands-start-index=0,3469,347,
Chinese Second-LL F-10,Year 8,https://v9.australiancurriculum.edu.au/f-10-curriculum/learning-areas/chinese-second-language-learner-pathway-f-10-sequence/year-8?view=quick&detailed-content-descriptions=0&hide-ccp=0&hide-gc=0&side-by-side=1&strands-start-index=0,3469,347,
Chinese Second-LL F-10,Year 9,https://v9.australiancurriculum.edu.au/f-10-curriculum/learning-areas/chinese-second-language-learner-pathway-f-10-sequence/year-9?view=quick&detailed-content-descriptions=0&hide-ccp=0&hide-gc=0&side-by-side=1&strands-start-index=0,3469,374,
Chinese Second-LL F-10,Year 10,https://v9.australiancurriculum.edu.au/f-10-curriculum/learning-areas/chinese-second-language-learner-pathway-f-10-sequence/year-10?view=quick&detailed-content-descriptions=0&hide-ccp=0&hide-gc=0&side-by-side=1&strands-start-index=0,3469,374,
Chinese Second-LL 7-10,Year 7,https://v9.australiancurriculum.edu.au/f-10-curriculum/learning-areas/chinese-second-language-learner-pathway-7-10-sequence/year-7?view=quick&detailed-content-descriptions=0&hide-ccp=0&hide-gc=0&side-by-side=1&strands-start-index=0,3469,335,
Chinese Second-LL 7-10,Year 8,https://v9.australiancurriculum.edu.au/f-10-curriculum/learning-areas/chinese-second-language-learner-pathway-7-10-sequence/year-8?view=quick&detailed-content-descriptions=0&hide-ccp=0&hide-gc=0&side-by-side=1&strands-start-index=0,3469,335,
Chinese Second-LL 7-10,Year 9,https://v9.australiancurriculum.edu.au/f-10-curriculum/learning-areas/chinese-second-language-learner-pathway-7-10-sequence/year-9?view=quick&detailed-content-descriptions=0&hide-ccp=0&hide-gc=0&side-by-side=1&strands-start-index=0,3469,351,
Chinese Second-LL 7-10,Year 10,https://v9.australiancurriculum.edu.au/f-10-curriculum/learning-areas/chinese-second-language-learner-pathway-7-10-sequence/year-10?view=quick&detailed-content-descriptions=0&hide-ccp=0&hide-gc=0&side-by-side=1&strands-start-index=0,3469,351,
Classical Greek 7-10,Year 7,https://v9.australiancurriculum.edu.au/f-10-curriculum/learning-areas/classical-greek-7-10/year-7?view=quick&detailed-content-descriptions=0&hide-ccp=0&hide-gc=0&side-by-side=1&strands-start-index=0,3469,285,
Classical Greek 7-10,Year 8,https://v9.australiancurriculum.edu.au/f-10-curriculum/learning-areas/classical-greek-7-10/year-8?view=quick&detailed-content-descriptions=0&hide-ccp=0&hide-gc=0&side-by-side=1&strands-start-index=0,3469,285,
Classical Greek 7-10,Year 9,https://v9.australiancurriculum.edu.au/f-10-curriculum/learning-areas/classical-greek-7-10/year-9?view=quick&detailed-content-descriptions=0&hide-ccp=0&hide-gc=0&side-by-side=1&strands-start-index=0,3469,285,
Classical Greek 7-10,Year 10,https://v9.australiancurriculum.edu.au/f-10-curriculum/learning-areas/classical-greek-7-10/year-10?view=quick&detailed-content-descriptions=0&hide-ccp=0&hide-gc=0&side-by-side=1&strands-start-index=0,3469,285,
French F-10 Sequence,Foundation Year,https://v9.australiancurriculum.edu.au/f-10-curriculum/learning-areas/french-f-10-sequence/foundation-year?view=quick&detailed-content-descriptions=0&hide-ccp=0&hide-gc=0&side-by-side=1&strands-start-index=0,3469,200,
French F-10 Sequence,Year 1,https://v9.australiancurriculum.edu.au/f-10-curriculum/learning-areas/french-f-10-sequence/year-1?view=quick&detailed-content-descriptions=0&hide-ccp=0&hide-gc=0&side-by-side=1&strands-start-index=0,3469,330,
French F-10 Sequence,Year 2,https://v9.australiancurriculum.edu.au/f-10-curriculum/learning-areas/french-f-10-sequence/year-2?view=quick&detailed-content-descriptions=0&hide-ccp=0&hide-gc=0&side-by-side=1&strands-start-index=0,3469,330,
French F-10 Sequence,Year 3,https://v9.australiancurriculum.edu.au/f-10-curriculum/learning-areas/french-f-10-sequence/year-3?view=quick&detailed-content-descriptions=0&hide-ccp=0&hide-gc=0&side-by-side=1&strands-start-index=0,3469,328,
French F-10 Sequence,Year 4,https://v9.australiancurriculum.edu.au/f-10-curriculum/learning-areas/french-f-10-sequence/year-4?view=quick&detailed-content-descriptions=0&hide-ccp=0&hide-gc=0&side-by-side=1&strands-start-index=0,3469,328,
French F-10 Sequence,Year 5,https://v9.australiancurriculum.edu.au/f-10-curriculum/learning-areas/french-f-10-sequence/year-5?view=quick&detailed-content-descriptions=0&hide-ccp=0&hide-gc=0&side-by-side=1&strands-start-index=0,3469,329,
French F-10 Sequence,Year 6,https://v9.australiancurriculum.edu.au/f-10-curriculum/learning-areas/french-f-10-sequence/year-6?view=quick&detailed-content-descriptions=0&hide-ccp=0&hide-gc=0&side-by-side=1&strands-start-index=0,3469,329,
French F-10 Sequence,Year 7,https://v9.australiancurriculum.edu.au/f-10-curriculum/learning-areas/french-f-10-sequence/year-7?view=quick&detailed-content-descriptions=0&hide-ccp=0&hide-gc=0&side-by-side=1&strands-start-index=0,3469,299,
French F-10 Sequence,Year 8,https://v9.australiancurriculum.edu.au/f-10-curriculum/learning-areas/french-f-10-sequence/year-8?view=quick&detailed-content-descriptions=0&hide-ccp=0&hide-gc=0&side-by-side=1&strands-start-index=0,3469,299,
French F-10 Sequence,Year 9,https://v9.australiancurriculum.edu.au/f-10-curriculum/learning-areas/french-f-10-sequence/year-9?view=quick&detailed-content-descriptions=0&hide-ccp=0&hide-gc=0&side-by-side=1&strands-start-index=0,3469,342,
French F-10 Sequence,Year 10,https://v9.australiancurriculum.edu.au/f-10-curriculum/learning-areas/french-f-10-sequence/year-10?view=quick&detailed-content-descriptions=0&hide-ccp=0&hide-gc=0&side-by-side=1&strands-start-index=0,3469,342,
French 7-10 Sequence,Year 7,https://v9.australiancurriculum.edu.au/f-10-curriculum/learning-areas/french-7-10-sequence/year-7?view=quick&detailed-content-descriptions=0&hide-ccp=0&hide-gc=0&side-by-side=1&strands-start-index=0,3469,302,
French 7-10 Sequence,Year 8,https://v9.australiancurriculum.edu.au/f-10-curriculum/learning-areas/french-7-10-sequence/year-8?view=quick&detailed-content-descriptions=0&hide-ccp=0&hide-gc=0&side-by-side=1&strands-start-index=0,3469,302,
French 7-10 Sequence,Year 9,https://v9.australiancurriculum.edu.au/f-10-curriculum/learning-areas/french-7-10-sequence/year-9?view=quick&detailed-content-descriptions=0&hide-ccp=0&hide-gc=0&side-by-side=1&strands-start-index=0,3469,324,
French 7-10 Sequence,Year 10,https://v9.australiancurriculum.edu.au/f-10-curriculum/learning-areas/french-7-10-sequence/year-10?view=quick&detailed-content-descriptions=0&hide-ccp=0&hide-gc=0&side-by-side=1&strands-start-index=0,3469,324,
German F-10 Sequence,Foundation Year,https://v9.australiancurriculum.edu.au/f-10-curriculum/learning-areas/german-f-10-sequence/foundation-year?view=quick&detailed-content-descriptions=0&hide-ccp=0&hide-gc=0&side-by-side=1&strands-start-index=0,3469,200,
German F-10 Sequence,Year 1,https://v9.australiancurriculum.edu.au/f-10-curriculum/learning-areas/german-f-10-sequence/year-1?view=quick&detailed-content-descriptions=0&hide-ccp=0&hide-gc=0&side-by-side=1&strands-start-index=0,3469,331,
German F-10 Sequence,Year 2,https://v9.australiancurriculum.edu.au/f-10-curriculum/learning-areas/german-f-10-sequence/year-2?view=quick&detailed-content-descriptions=0&hide-ccp=0&hide-gc=0&side-by-side=1&strands-start-index=0,3469,331,
German F-10 Sequence,Year 3,https://v9.australiancurriculum.edu.au/f-10-curriculum/learning-areas/german-f-10-sequence/year-3?view=quick&detailed-content-descriptions=0&hide-ccp=0&hide-gc=0&side-by-side=1&strands-start-index=0,3469,328,
German F-10 Sequence,Year 4,https://v9.australiancurriculum.edu.au/f-10-curriculum/learning-areas/german-f-10-sequence/year-4?view=quick&detailed-content-descriptions=0&hide-ccp=0&hide-gc=0&side-by-side=1&strands-start-index=0,3469,328,
German F-10 Sequence,Year 5,https://v9.australiancurriculum.edu.au/f-10-curriculum/learning-areas/german-f-10-sequence/year-5?view=quick&detailed-content-descriptions=0&hide-ccp=0&hide-gc=0&side-by-side=1&strands-start-index=0,3469,337,
German F-10 Sequence,Year 6,https://v9.australiancurriculum.edu.au/f-10-curriculum/learning-areas/german-f-10-sequence/year-6?view=quick&detailed-content-descriptions=0&hide-ccp=0&hide-gc=0&side-by-side=1&strands-start-index=0,3469,337,
German F-10 Sequence,Year 7,https://v9.australiancurriculum.edu.au/f-10-curriculum/learning-areas/german-f-10-sequence/year-7?view=quick&detailed-content-descriptions=0&hide-ccp=0&hide-gc=0&side-by-side=1&strands-start-index=0,3469,299,
German F-10 Sequence,Year 8,https://v9.australiancurriculum.edu.au/f-10-curriculum/learning-areas/german-f-10-sequence/year-8?view=quick&detailed-content-descriptions=0&hide-ccp=0&hide-gc=0&side-by-side=1&strands-start-index=0,3469,299,
German F-10 Sequence,Year 9,https://v9.australiancurriculum.edu.au/f-10-curriculum/learning-areas/german-f-10-sequence/year-9?view=quick&detailed-content-descriptions=0&hide-ccp=0&hide-gc=0&side-by-side=1&strands-start-index=0,3469,342,
German F-10 Sequence,Year 10,https://v9.australiancurriculum.edu.au/f-10-curriculum/learning-areas/german-f-10-sequence/year-10?view=quick&detailed-content-descriptions=0&hide-ccp=0&hide-gc=0&side-by-side=1&strands-start-index=0,3469,342,
German 7-10 Sequence,Year 7,https://v9.australiancurriculum.edu.au/f-10-curriculum/learning-areas/german-7-10-sequence/year-7?view=quick&detailed-content-descriptions=0&hide-ccp=0&hide-gc=0&side-by-side=1&strands-start-index=0,3469,292,
German 7-10 Sequence,Year 8,https://v9.australiancurriculum.edu.au/f-10-curriculum/learning-areas/german-7-10-sequence/year-8?view=quick&detailed-content-descriptions=0&hide-ccp=0&hide-gc=0&side-by-side=1&strands-start-index=0,3469,292,
German 7-10 Sequence,Year 9,https://v9.australiancurriculum.edu.au/f-10-curriculum/learning-areas/german-7-10-sequence/year-9?view=quick&detailed-content-descriptions=0&hide-ccp=0&hide-gc=0&side-by-side=1&strands-start-index=0,3469,314,
German 7-10 Sequence,Year 10,https://v9.australiancurriculum.edu.au/f-10-curriculum/learning-areas/german-7-10-sequence/year-10?view=quick&detailed-content-descriptions=0&hide-ccp=0&hide-gc=0&side-by-side=1&strands-start-index=0,3469,314,
Hindi F-10 Sequence,Foundation Year,https://v9.australiancurriculum.edu.au/f-10-curriculum/learning-areas/hindi-f-10-sequence/foundation-year?view=quick&detailed-content-descriptions=0&hide-ccp=0&hide-gc=0&side-by-side=1&strands-start-index=0,3469,249,
Hindi F-10 Sequence,Year 1,https://v9.australiancurriculum.edu.au/f-10-curriculum/learning-areas/hindi-f-10-sequence/year-1?view=quick&detailed-content-descriptions=0&hide-ccp=0&hide-gc=0&side-by-side=1&strands-start-index=0,3469,376,
Hindi F-10 Sequence,Year 2,https://v9.australiancurriculum.edu.au/f-10-curriculum/learning-areas/hindi-f-10-sequence/year-2?view=quick&detailed-content-descriptions=0&hide-ccp=0&hide-gc=0&side-by-side=1&strands-start-index=0,3469,376,
Hindi F-10 Sequence,Year 3,https://v9.australiancurriculum.edu.au/f-10-curriculum/learning-areas/hindi-f-10-sequence/year-3?view=quick&detailed-content-descriptions=0&hide-ccp=0&hide-gc=0&side-by-side=1&strands-start-index=0,3469,398,
Hindi F-10 Sequence,Year 4,https://v9.australiancurriculum.edu.au/f-10-curriculum/learning-areas/hindi-f-10-sequence/year-4?view=quick&detailed-content-descriptions=0&hide-ccp=0&hide-gc=0&side-by-side=1&strands-start-index=0,3469,398,
Hindi F-10 Sequence,Year 5,https://v9.australiancurriculum.edu.au/f-10-curriculum/learning-areas/hindi-f-10-sequence/year-5?view=quick&detailed-content-descriptions=0&hide-ccp=0&hide-gc=0&side-by-side=1&strands-start-index=0,3469,373,
Hindi F-10 Sequence,Year 6,https://v9.australiancurriculum.edu.au/f-10-curriculum/learning-areas/hindi-f-10-sequence/year-6?view=quick&detailed-content-descriptions=0&hide-ccp=0&hide-gc=0&side-by-side=1&strands-start-index=0,3469,373,
Hindi F-10 Sequence,Year 7,https://v9.australiancurriculum.edu.au/f-10-curriculum/learning-areas/hindi-f-10-sequence/year-7?view=quick&detailed-content-descriptions=0&hide-ccp=0&hide-gc=0&side-by-side=1&strands-start-index=0,3469,340,
Hindi F-10 Sequence,Year 8,https://v9.australiancurriculum.edu.au/f-10-curriculum/learning-areas/hindi-f-10-sequence/year-8?view=quick&detailed-content-descriptions=0&hide-ccp=0&hide-gc=0&side-by-side=1&strands-start-index=0,3469,340,
Hindi F-10 Sequence,Year 9,https://v9.australiancurriculum.edu.au/f-10-curriculum/learning-areas/hindi-f-10-sequence/year-9?view=quick&detailed-content-descriptions=0&hide-ccp=0&hide-gc=0&side-by-side=1&strands-start-index=0,3469,382,
Hindi F-10 Sequence,Year 10,https://v9.australiancurriculum.edu.au/f-10-curriculum/learning-areas/hindi-f-10-sequence/year-10?view=quick&detailed-content-descriptions=0&hide-ccp=0&hide-gc=0&side-by-side=1&strands-start-index=0,3469,382,
Hindi 7-10 Sequence,Year 7,https://v9.australiancurriculum.edu.au/f-10-curriculum/learning-areas/hindi-7-10-sequence/year-7?view=quick&detailed-content-descriptions=0&hide-ccp=0&hide-gc=0&side-by-side=1&strands-start-index=0,3469,367,
Hindi 7-10 Sequence,Year 8,https://v9.australiancurriculum.edu.au/f-10-curriculum/learning-areas/hindi-7-10-sequence/year-8?view=quick&detailed-content-descriptions=0&hide-ccp=0&hide-gc=0&side-by-side=1&strands-start-index=0,3469,367,
Hindi 7-10 Sequence,Year 9,https://v9.australiancurriculum.edu.au/f-10-curriculum/learning-areas/hindi-7-10-sequence/year-9?view=quick&detailed-content-descriptions=0&hide-ccp=0&hide-gc=0&side-by-side=1&strands-start-index=0,3469,356,
Hindi 7-10 Sequence,Year 10,https://v9.australiancurriculum.edu.au/f-10-curriculum/learning-areas/hindi-7-10-sequence/year-10?view=quick&detailed-content-descriptions=0&hide-ccp=0&hide-gc=0&side-by-side=1&strands-start-index=0,3469,356,
Indonesian F-10 Sequence,Foundation Year,https://v9.australiancurriculum.edu.au/f-10-curriculum/learning-areas/indonesian-f-10-sequence/foundation-year?view=quick&detailed-content-descriptions=0&hide-ccp=0&hide-gc=0&side-by-side=1&strands-start-index=0,3469,199,
Indonesian F-10 Sequence,Year 1,https://v9.australiancurriculum.edu.au/f-10-curriculum/learning-areas/indonesian-f-10-sequence/year-1?view=quick&detailed-content-descriptions=0&hide-ccp=0&hide-gc=0&side-by-side=1&strands-start-index=0,3469,331,
Indonesian F-10 Sequence,Year 2,https://v9.australiancurriculum.edu.au/f-10-curriculum/learning-areas/indonesian-f-10-sequence/year-2?view=quick&detailed-content-descriptions=0&hide-ccp=0&hide-gc=0&side-by-side=1&strands-start-index=0,3469,331,
Indonesian F-10 Sequence,Year 3,https://v9.australiancurriculum.edu.au/f-10-curriculum/learning-areas/indonesian-f-10-sequence/year-3?view=quick&detailed-content-descriptions=0&hide-ccp=0&hide-gc=0&side-by-side=1&strands-start-index=0,3469,328,
Indonesian F-10 Sequence,Year 4,https://v9.australiancurriculum.edu.au/f-10-curriculum/learning-areas/indonesian-f-10-sequence/year-4?view=quick&detailed-content-descriptions=0&hide-ccp=0&hide-gc=0&side-by-side=1&strands-start-index=0,3469,328,
Indonesian F-10 Sequence,Year 5,https://v9.australiancurriculum.edu.au/f-10-curriculum/learning-areas/indonesian-f-10-sequence/year-5?view=quick&detailed-content-descriptions=0&hide-ccp=0&hide-gc=0&side-by-side=1&strands-start-index=0,3469,336,
Indonesian F-10 Sequence,Year 6,https://v9.australiancurriculum.edu.au/f-10-curriculum/learning-areas/indonesian-f-10-sequence/year-6?view=quick&detailed-content-descriptions=0&hide-ccp=0&hide-gc=0&side-by-side=1&strands-start-index=0,3469,336,
Indonesian F-10 Sequence,Year 7,https://v9.australiancurriculum.edu.au/f-10-curriculum/learning-areas/indonesian-f-10-sequence/year-7?view=quick&detailed-content-descriptions=0&hide-ccp=0&hide-gc=0&side-by-side=1&strands-start-index=0,3469,298,
Indonesian F-10 Sequence,Year 8,https://v9.australiancurriculum.edu.au/f-10-curriculum/learning-areas/indonesian-f-10-sequence/year-8?view=quick&detailed-content-descriptions=0&hide-ccp=0&hide-gc=0&side-by-side=1&strands-start-index=0,3469,298,
Indonesian F-10 Sequence,Year 9,https://v9.australiancurriculum.edu.au/f-10-curriculum/learning-areas/indonesian-f-10-sequence/year-9?view=quick&detailed-content-descriptions=0&hide-ccp=0&hide-gc=0&side-by-side=1&strands-start-index=0,3469,342,
Indonesian F-10 Sequence,Year 10,https://v9.australiancurriculum.edu.au/f-10-curriculum/learning-areas/indonesian-f-10-sequence/year-10?view=quick&detailed-content-descriptions=0&hide-ccp=0&hide-gc=0&side-by-side=1&strands-start-index=0,3469,342,
Indonesian 7-10 Sequence,Year 7,https://v9.australiancurriculum.edu.au/f-10-curriculum/learning-areas/indonesian-7-10-sequence/year-7?view=quick&detailed-content-descriptions=0&hide-ccp=0&hide-gc=0&side-by-side=1&strands-start-index=0,3469,292,
Indonesian 7-10 Sequence,Year 8,https://v9.australiancurriculum.edu.au/f-10-curriculum/learning-areas/indonesian-7-10-sequence/year-8?view=quick&detailed-content-descriptions=0&hide-ccp=0&hide-gc=0&side-by-side=1&strands-start-index=0,3469,292,
Indonesian 7-10 Sequence,Year 9,https://v9.australiancurriculum.edu.au/f-10-curriculum/learning-areas/indonesian-7-10-sequence/year-9?view=quick&detailed-content-descriptions=0&hide-ccp=0&hide-gc=0&side-by-side=1&strands-start-index=0,3469,314,
Indonesian 7-10 Sequence,Year 10,https://v9.australiancurriculum.edu.au/f-10-curriculum/learning-areas/indonesian-7-10-sequence/year-10?view=quick&detailed-content-descriptions=0&hide-ccp=0&hide-gc=0&side-by-side=1&strands-start-index=0,3469,314,
Italian F-10 Sequence,Foundation Year,https://v9.australiancurriculum.edu.au/f-10-curriculum/learning-areas/italian-f-10-sequence/foundation-year?view=quick&detailed-content-descriptions=0&hide-ccp=0&hide-gc=0&side-by-side=1&strands-start-index=0,3469,200,
Italian F-10 Sequence,Year 1,https://v9.australiancurriculum.edu.au/f-10-curriculum/learning-areas/italian-f-10-sequence/year-1?view=quick&detailed-content-descriptions=0&hide-ccp=0&hide-gc=0&side-by-side=1&strands-start-index=0,3469,330,
Italian F-10 Sequence,Year 2,https://v9.australiancurriculum.edu.au/f-10-curriculum/learning-areas/italian-f-10-sequence/year-2?view=quick&detailed-content-descriptions=0&hide-ccp=0&hide-gc=0&side-by-side=1&strands-start-index=0,3469,330,
Italian F-10 Sequence,Year 3,https://v9.australiancurriculum.edu.au/f-10-curriculum/learning-areas/italian-f-10-sequence/year-3?view=quick&detailed-content-descriptions=0&hide-ccp=0&hide-gc=0&side-by-side=1&strands-start-index=0,3469,329,
Italian F-10 Sequence,Year 4,https://v9.australiancurriculum.edu.au/f-10-curriculum/learning-areas/italian-f-10-sequence/year-4?view=quick&detailed-content-descriptions=0&hide-ccp=0&hide-gc=0&side-by-side=1&strands-start-index=0,3469,329,
Italian F-10 Sequence,Year 5,https://v9.australiancurriculum.edu.au/f-10-curriculum/learning-areas/italian-f-10-sequence/year-5?view=quick&detailed-content-descriptions=0&hide-ccp=0&hide-gc=0&side-by-side=1&strands-start-index=0,3469,329,
Italian F-10 Sequence,Year 6,https://v9.australiancurriculum.edu.au/f-10-curriculum/learning-areas/italian-f-10-sequence/year-6?view=quick&detailed-content-descriptions=0&hide-ccp=0&hide-gc=0&side-by-side=1&strands-start-index=0,3469,329,
Italian F-10 Sequence,Year 7,https://v9.australiancurriculum.edu.au/f-10-curriculum/learning-areas/italian-f-10-sequence/year-7?view=quick&detailed-content-descriptions=0&hide-ccp=0&hide-gc=0&side-by-side=1&strands-start-index=0,3469,301,
Italian F-10 Sequence,Year 8,https://v9.australiancurriculum.edu.au/f-10-curriculum/learning-areas/italian-f-10-sequence/year-8?view=quick&detailed-content-descriptions=0&hide-ccp=0&hide-gc=0&side-by-side=1&strands-start-index=0,3469,301,
Italian F-10 Sequence,Year 9,https://v9.australiancurriculum.edu.au/f-10-curriculum/learning-areas/italian-f-10-sequence/year-9?view=quick&detailed-content-descriptions=0&hide-ccp=0&hide-gc=0&side-by-side=1&strands-start-index=0,3469,343,
Italian F-10 Sequence,Year 10,https://v9.australiancurriculum.edu.au/f-10-curriculum/learning-areas/italian-f-10-sequence/year-10?view=quick&detailed-content-descriptions=0&hide-ccp=0&hide-gc=0&side-by-side=1&strands-start-index=0,3469,343,
Italian 7-10 Sequence,Year 7,https://v9.australiancurriculum.edu.au/f-10-curriculum/learning-areas/italian-7-10-sequence/year-7?view=quick&detailed-content-descriptions=0&hide-ccp=0&hide-gc=0&side-by-side=1&strands-start-index=0,3469,301,
Italian 7-10 Sequence,Year 8,https://v9.australiancurriculum.edu.au/f-10-curriculum/learning-areas/italian-7-10-sequence/year-8?view=quick&detailed-content-descriptions=0&hide-ccp=0&hide-gc=0&side-by-side=1&strands-start-index=0,3469,301,
Italian 7-10 Sequence,Year 9,https://v9.australiancurriculum.edu.au/f-10-curriculum/learning-areas/italian-7-10-sequence/year-9?view=quick&detailed-content-descriptions=0&hide-ccp=0&hide-gc=0&side-by-side=1&strands-start-index=0,3469,324,
Italian 7-10 Sequence,Year 10,https://v9.australiancurriculum.edu.au/f-10-curriculum/learning-areas/italian-7-10-sequence/year-10?view=quick&detailed-content-descriptions=0&hide-ccp=0&hide-gc=0&side-by-side=1&strands-start-index=0,3469,324,
Japanese F-10 Sequence,Foundation Year,https://v9.australiancurriculum.edu.au/f-10-curriculum/learning-areas/japanese-f-10-sequence/foundation-year?view=quick&detailed-content-descriptions=0&hide-ccp=0&hide-gc=0&side-by-side=1&strands-start-index=0,3469,220,6062
Japanese F-10 Sequence,Year 1,https://v9.australiancurriculum.edu.au/f-10-curriculum/learning-areas/japanese-f-10-sequence/year-1?view=quick&detailed-content-descriptions=0&hide-ccp=0&hide-gc=0&side-by-side=1&strands-start-index=0,3469,356,18905
Japanese F-10 Sequence,Year 2,https://v9.australiancurriculum.edu.au/f-10-curriculum/learning-areas/japanese-f-10-sequence/year-2?view=quick&detailed-content-descriptions=0&hide-ccp=0&hide-gc=0&side-by-side=1&strands-start-index=0,3469,356,18905
Japanese F-10 Sequence,Year 3,https://v9.australiancurriculum.edu.au/f-10-curriculum/learning-areas/japanese-f-10-sequence/year-3?view=quick&detailed-content-descriptions=0&hide-ccp=0&hide-gc=0&side-by-side=1&strands-start-index=0,3469,361,19422
Japanese F-10 Sequence,Year 4,https://v9.australiancurriculum.edu.au/f-10-curriculum/learning-areas/japanese-f-10-sequence/year-4?view=quick&detailed-content-descriptions=0&hide-ccp=0&hide-gc=0&side-by-side=1&strands-start-index=0,3469,361,19422
Japanese F-10 Sequence,Year 5,https://v9.australiancurriculum.edu.au/f-10-curriculum/learning-areas/japanese-f-10-sequence/year-5?view=quick&detailed-content-descriptions=0&hide-ccp=0&hide-gc=0&side-by-side=1&strands-start-index=0,3469,380,23807
Japanese F-10 Sequence,Year 6,https://v9.australiancurriculum.edu.au/f-10-curriculum/learning-areas/japanese-f-10-sequence/year-6?view=quick&detailed-content-descriptions=0&hide-ccp=0&hide-gc=0&side-by-side=1&strands-start-index=0,3469,380,23807
Japanese F-10 Sequence,Year 7,https://v9.australiancurriculum.edu.au/f-10-curriculum/learning-areas/japanese-f-10-sequence/year-7?view=quick&detailed-content-descriptions=0&hide-ccp=0&hide-gc=0&side-by-side=1&strands-start-index=0,3469,331,18951
Japanese F-10 Sequence,Year 8,https://v9.australiancurriculum.edu.au/f-10-curriculum/learning-areas/japanese-f-10-sequence/year-8?view=quick&detailed-content-descriptions=0&hide-ccp=0&hide-gc=0&side-by-side=1&strands-start-index=0,3469,331,18951
Japanese F-10 Sequence,Year 9,https://v9.australiancurriculum.edu.au/f-10-curriculum/learning-areas/japanese-f-10-sequence/year-9?view=quick&detailed-content-descriptions=0&hide-ccp=0&hide-gc=0&side-by-side=1&strands-start-index=0,3469,375,14680
Japanese F-10 Sequence,Year 10,https://v9.australiancurriculum.edu.au/f-10-curriculum/learning-areas/japanese-f-10-sequence/year-10?view=quick&detailed-content-descriptions=0&hide-ccp=0&hide-gc=0&side-by-side=1&strands-start-index=0,3469,375,14680
Japanese 7-10 Sequence,Year 7,https://v9.australiancurriculum.edu.au/f-10-curriculum/learning-areas/japanese-7-10-sequence/year-7?view=quick&detailed-content-descriptions=0&hide-ccp=0&hide-gc=0&side-by-side=1&strands-start-index=0,3469,326,21567
Japanese 7-10 Sequence,Year 8,https://v9.australiancurriculum.edu.au/f-10-curriculum/learning-areas/japanese-7-10-sequence/year-8?view=quick&detailed-content-descriptions=0&hide-ccp=0&hide-gc=0&side-by-side=1&strands-start-index=0,3469,326,21567
Japanese 7-10 Sequence,Year 9,https://v9.australiancurriculum.edu.au/f-10-curriculum/learning-areas/japanese-7-10-sequence/year-9?view=quick&detailed-content-descriptions=0&hide-ccp=0&hide-gc=0&side-by-side=1&strands-start-index=0,3469,350,17077
Japanese 7-10 Sequence,Year 10,https://v9.australiancurriculum.edu.au/f-10-curriculum/learning-areas/japanese-7-10-sequence/year-10?view=quick&detailed-content-descriptions=0&hide-ccp=0&hide-gc=0&side-by-side=1&strands-start-index=0,3469,350,17077
Korean F-10 Sequence,Foundation Year,https://v9.australiancurriculum.edu.au/f-10-curriculum/learning-areas/korean-f-10-sequence/foundation-year?view=quick&detailed-content-descriptions=0&hide-ccp=0&hide-gc=0&side-by-side=1&strands-start-index=0,3469,221,4231
Korean F-10 Sequence,Year 1,https://v9.australiancurriculum.edu.au/f-10-curriculum/learning-areas/korean-f-10-sequence/year-1?view=quick&detailed-content-descriptions=0&hide-ccp=0&hide-gc=0&side-by-side=1&strands-start-index=0,3469,340,15624
Korean F-10 Sequence,Year 2,https://v9.australiancurriculum.edu.au/f-10-curriculum/learning-areas/korean-f-10-sequence/year-2?view=quick&detailed-content-descriptions=0&hide-ccp=0&hide-gc=0&side-by-side=1&strands-start-index=0,3469,340,15624
Korean F-10 Sequence,Year 3,https://v9.australiancurriculum.edu.au/f-10-curriculum/learning-areas/korean-f-10-sequence/year-3?view=quick&detailed-content-descriptions=0&hide-ccp=0&hide-gc=0&side-by-side=1&strands-start-index=0,3469,343,17624
Korean F-10 Sequence,Year 4,https://v9.australiancurriculum.edu.au/f-10-curriculum/learning-areas/korean-f-10-sequence/year-4?view=quick&detailed-content-descriptions=0&hide-ccp=0&hide-gc=0&side-by-side=1&strands-start-index=0,3469,343,17624
Korean F-10 Sequence,Year 5,https://v9.australiancurriculum.edu.au/f-10-curriculum/learning-areas/korean-f-10-sequence/year-5?view=quick&detailed-content-descriptions=0&hide-ccp=0&hide-gc=0&side-by-side=1&strands-start-index=0,3469,358,18365
Korean F-10 Sequence,Year 6,https://v9.australiancurriculum.edu.au/f-10-curriculum/learning-areas/korean-f-10-sequence/year-6?view=quick&detailed-content-descriptions=0&hide-ccp=0&hide-gc=0&side-by-side=1&strands-start-index=0,3469,358,18365
Korean F-10 Sequence,Year 7,https://v9.australiancurriculum.edu.au/f-10-curriculum/learning-areas/korean-f-10-sequence/year-7?view=quick&detailed-content-descriptions=0&hide-ccp=0&hide-gc=0&side-by-side=1&strands-start-index=0,3469,299,16173
Korean F-10 Sequence,Year 8,https://v9.australiancurriculum.edu.au/f-10-curriculum/learning-areas/korean-f-10-sequence/year-8?view=quick&detailed-content-descriptions=0&hide-ccp=0&hide-gc=0&side-by-side=1&strands-start-index=0,3469,299,16173
Korean F-10 Sequence,Year 9,https://v9.australiancurriculum.edu.au/f-10-curriculum/learning-areas/korean-f-10-sequence/year-9?view=quick&detailed-content-descriptions=0&hide-ccp=0&hide-gc=0&side-by-side=1&strands-start-index=0,3469,342,12954
Korean F-10 Sequence,Year 10,https://v9.australiancurriculum.edu.au/f-10-curriculum/learning-areas/korean-f-10-sequence/year-10?view=quick&detailed-content-descriptions=0&hide-ccp=0&hide-gc=0&side-by-side=1&strands-start-index=0,3469,342,12954
Korean 7-10 Sequence,Year 7,https://v9.australiancurriculum.edu.au/f-10-curriculum/learning-areas/korean-7-10-sequence/year-7?view=quick&detailed-content-descriptions=0&hide-ccp=0&hide-gc=0&side-by-side=1&strands-start-index=0,3469,306,15720
Korean 7-10 Sequence,Year 8,https://v9.australiancurriculum.edu.au/f-10-curriculum/learning-areas/korean-7-10-sequence/year-8?view=quick&detailed-content-descriptions=0&hide-ccp=0&hide-gc=0&side-by-side=1&strands-start-index=0,3469,306,15720
Korean 7-10 Sequence,Year 9,https://v9.australiancurriculum.edu.au/f-10-curriculum/learning-areas/korean-7-10-sequence/year-9?view=quick&detailed-content-descriptions=0&hide-ccp=0&hide-gc=0&side-by-side=1&strands-start-index=0,3469,314,14494
Korean 7-10 Sequence,Year 10,https://v9.australiancurriculum.edu.au/f-10-curriculum/learning-areas/korean-7-10-sequence/year-10?view=quick&detailed-content-descriptions=0&hide-ccp=0&hide-gc=0&side-by-side=1&strands-start-index=0,3469,314,14494
Latin 7-10,Year 7,https://v9.australiancurriculum.edu.au/f-10-curriculum/learning-areas/latin-7-10/year-7?view=quick&detailed-content-descriptions=0&hide-ccp=0&hide-gc=0&side-by-side=1&strands-start-index=0,3469,276,23477
Latin 7-10,Year 8,https://v9.australiancurriculum.edu.au/f-10-curriculum/learning-areas/latin-7-10/year-8?view=quick&detailed-content-descriptions=0&hide-ccp=0&hide-gc=0&side-by-side=1&strands-start-index=0,3469,276,23477
Latin 7-10,Year 9,https://v9.australiancurriculum.edu.au/f-10-curriculum/learning-areas/latin-7-10/year-9?view=quick&detailed-content-descriptions=0&hide-ccp=0&hide-gc=0&side-by-side=1&strands-start-index=0,3469,279,19802
Latin 7-10,Year 10,https://v9.australiancurriculum.edu.au/f-10-curriculum/learning-areas/latin-7-10/year-10?view=quick&detailed-content-descriptions=0&hide-ccp=0&hide-gc=0&side-by-side=1&strands-start-index=0,3469,279,19802
Modern Greek F-10 Sequence,Foundation Year,https://v9.australiancurriculum.edu.au/f-10-curriculum/learning-areas/modern-greek-f-10-sequence/foundation-year?view=quick&detailed-content-descriptions=0&hide-ccp=0&hide-gc=0&side-by-side=1&strands-start-index=0,3469,197,7156
Modern Greek F-10 Sequence,Year 1,https://v9.australiancurriculum.edu.au/f-10-curriculum/learning-areas/modern-greek-f-10-sequence/year-1?view=quick&detailed-content-descriptions=0&hide-ccp=0&hide-gc=0&side-by-side=1&strands-start-index=0,3469,333,19233
Modern Greek F-10 Sequence,Year 2,https://v9.australiancurriculum.edu.au/f-10-curriculum/learning-areas/modern-greek-f-10-sequence/year-2?view=quick&detailed-content-descriptions=0&hide-ccp=0&hide-gc=0&side-by-side=1&strands-start-index=0,3469,333,19233
Modern Greek F-10 Sequence,Year 3,https://v9.australiancurriculum.edu.au/f-10-curriculum/learning-areas/modern-greek-f-10-sequence/year-3?view=quick&detailed-content-descriptions=0&hide-ccp=0&hide-gc=0&side-by-side=1&strands-start-index=0,3469,329,20609
Modern Greek F-10 Sequence,Year 4,https://v9.australiancurriculum.edu.au/f-10-curriculum/learning-areas/modern-greek-f-10-sequence/year-4?view=quick&detailed-content-descriptions=0&hide-ccp=0&hide-gc=0&side-by-side=1&strands-start-index=0,3469,329,20609
Modern Greek F-10 Sequence,Year 5,https://v9.australiancurriculum.edu.au/f-10-curriculum/learning-areas/modern-greek-f-10-sequence/year-5?view=quick&detailed-content-descriptions=0&hide-ccp=0&hide-gc=0&side-by-side=1&strands-start-index=0,3469,337,26428
Modern Greek F-10 Sequence,Year 6,https://v9.australiancurriculum.edu.au/f-10-curriculum/learning-areas/modern-greek-f-10-sequence/year-6?view=quick&detailed-content-descriptions=0&hide-ccp=0&hide-gc=0&side-by-side=1&strands-start-index=0,3469,337,26859
Modern Greek F-10 Sequence,Year 7,https://v9.australiancurriculum.edu.au/f-10-curriculum/learning-areas/modern-greek-f-10-sequence/year-7?view=quick&detailed-content-descriptions=0&hide-ccp=0&hide-gc=0&side-by-side=1&strands-start-index=0,3469,298,18397
Modern Greek F-10 Sequence,Year 8,https://v9.australiancurriculum.edu.au/f-10-curriculum/learning-areas/modern-greek-f-10-sequence/year-8?view=quick&detailed-content-descriptions=0&hide-ccp=0&hide-gc=0&side-by-side=1&strands-start-index=0,3469,298,18397
Modern Greek F-10 Sequence,Year 9,https://v9.australiancurriculum.edu.au/f-10-curriculum/learning-areas/modern-greek-f-10-sequence/year-9?view=quick&detailed-content-descriptions=0&hide-ccp=0&hide-gc=0&side-by-side=1&strands-start-index=0,3469,342,17624
Modern Greek F-10 Sequence,Year 10,https://v9.australiancurriculum.edu.au/f-10-curriculum/learning-areas/modern-greek-f-10-sequence/year-10?view=quick&detailed-content-descriptions=0&hide-ccp=0&hide-gc=0&side-by-side=1&strands-start-index=0,3469,342,17624
Modern Greek 7-10 Sequence,Year 7,https://v9.australiancurriculum.edu.au/f-10-curriculum/learning-areas/modern-greek-7-10-sequence/year-7?view=quick&detailed-content-descriptions=0&hide-ccp=0&hide-gc=0&side-by-side=1&strands-start-index=0,3469,292,20408
Modern Greek 7-10 Sequence,Year 8,https://v9.australiancurriculum.edu.au/f-10-curriculum/learning-areas/modern-greek-7-10-sequence/year-8?view=quick&detailed-content-descriptions=0&hide-ccp=0&hide-gc=0&side-by-side=1&strands-start-index=0,3469,292,20408
Modern Greek 7-10 Sequence,Year 9,https://v9.australiancurriculum.edu.au/f-10-curriculum/learning-areas/modern-greek-7-10-sequence/year-9?view=quick&detailed-content-descriptions=0&hide-ccp=0&hide-gc=0&side-by-side=1&strands-start-index=0,3469,314,19333
Modern Greek 7-10 Sequence,Year 10,https://v9.australiancurriculum.edu.au/f-10-curriculum/learning-areas/modern-greek-7-10-sequence/year-10?view=quick&detailed-content-descriptions=0&hide-ccp=0&hide-gc=0&side-by-side=1&strands-start-index=0,3469,314,19333
Spanish F-10 Sequence,Foundation Year,https://v9.australiancurriculum.edu.au/f-10-curriculum/learning-areas/spanish-f-10-sequence/foundation-year?view=quick&detailed-content-descriptions=0&hide-ccp=0&hide-gc=0&side-by-side=1&strands-start-index=0,3469,200,5935
Spanish F-10 Sequence,Year 1,https://v9.australiancurriculum.edu.au/f-10-curriculum/learning-areas/spanish-f-10-sequence/year-1?view=quick&detailed-content-descriptions=0&hide-ccp=0&hide-gc=0&side-by-side=1&strands-start-index=0,3469,336,21613
Spanish F-10 Sequence,Year 2,https://v9.australiancurriculum.edu.au/f-10-curriculum/learning-areas/spanish-f-10-sequence/year-2?view=quick&detailed-content-descriptions=0&hide-ccp=0&hide-gc=0&side-by-side=1&strands-start-index=0,3469,336,21613
Spanish F-10 Sequence,Year 3,https://v9.australiancurriculum.edu.au/f-10-curriculum/learning-areas/spanish-f-10-sequence/year-3?view=quick&detailed-content-descriptions=0&hide-ccp=0&hide-gc=0&side-by-side=1&strands-start-index=0,3469,328,18849
Spanish F-10 Sequence,Year 4,https://v9.australiancurriculum.edu.au/f-10-curriculum/learning-areas/spanish-f-10-sequence/year-4?view=quick&detailed-content-descriptions=0&hide-ccp=0&hide-gc=0&side-by-side=1&strands-start-index=0,3469,328,
Spanish F-10 Sequence,Year 5,https://v9.australiancurriculum.edu.au/f-10-curriculum/learning-areas/spanish-f-10-sequence/year-5?view=quick&detailed-content-descriptions=0&hide-ccp=0&hide-gc=0&side-by-side=1&strands-start-index=0,3469,337,
Spanish F-10 Sequence,Year 6,https://v9.australiancurriculum.edu.au/f-10-curriculum/learning-areas/spanish-f-10-sequence/year-6?view=quick&detailed-content-descriptions=0&hide-ccp=0&hide-gc=0&side-by-side=1&strands-start-index=0,3469,337,
Spanish F-10 Sequence,Year 7,https://v9.australiancurriculum.edu.au/f-10-curriculum/learning-areas/spanish-f-10-sequence/year-7?view=quick&detailed-content-descriptions=0&hide-ccp=0&hide-gc=0&side-by-side=1&strands-start-index=0,3469,299,
Spanish F-10 Sequence,Year 8,https://v9.australiancurriculum.edu.au/f-10-curriculum/learning-areas/spanish-f-10-sequence/year-8?view=quick&detailed-content-descriptions=0&hide-ccp=0&hide-gc=0&side-by-side=1&strands-start-index=0,3469,299,
Spanish F-10 Sequence,Year 9,https://v9.australiancurriculum.edu.au/f-10-curriculum/learning-areas/spanish-f-10-sequence/year-9?view=quick&detailed-content-descriptions=0&hide-ccp=0&hide-gc=0&side-by-side=1&strands-start-index=0,3469,342,
Spanish F-10 Sequence,Year 10,https://v9.australiancurriculum.edu.au/f-10-curriculum/learning-areas/spanish-f-10-sequence/year-10?view=quick&detailed-content-descriptions=0&hide-ccp=0&hide-gc=0&side-by-side=1&strands-start-index=0,3469,342,
Spanish 7-10 Sequence,Year 7,https://v9.australiancurriculum.edu.au/f-10-curriculum/learning-areas/spanish-7-10-sequence/year-7?view=quick&detailed-content-descriptions=0&hide-ccp=0&hide-gc=0&side-by-side=1&strands-start-index=0,3469,292,
Spanish 7-10 Sequence,Year 8,https://v9.australiancurriculum.edu.au/f-10-curriculum/learning-areas/spanish-7-10-sequence/year-8?view=quick&detailed-content-descriptions=0&hide-ccp=0&hide-gc=0&side-by-side=1&strands-start-index=0,3469,292,
Spanish 7-10 Sequence,Year 9,https://v9.australiancurriculum.edu.au/f-10-curriculum/learning-areas/spanish-7-10-sequence/year-9?view=quick&detailed-content-descriptions=0&hide-ccp=0&hide-gc=0&side-by-side=1&strands-start-index=0,3469,314,
Spanish 7-10 Sequence,Year 10,https://v9.australiancurriculum.edu.au/f-10-curriculum/learning-areas/spanish-7-10-sequence/year-10?view=quick&detailed-content-descriptions=0&hide-ccp=0&hide-gc=0&side-by-side=1&strands-start-index=0,3469,314,
Turkish F-10 Sequence,Foundation Year,https://v9.australiancurriculum.edu.au/f-10-curriculum/learning-areas/turkish-f-10-sequence/foundation-year?view=quick&detailed-content-descriptions=0&hide-ccp=0&hide-gc=0&side-by-side=1&strands-start-index=0,3469,259,
Turkish F-10 Sequence,Year 1,https://v9.australiancurriculum.edu.au/f-10-curriculum/learning-areas/turkish-f-10-sequence/year-1?view=quick&detailed-content-descriptions=0&hide-ccp=0&hide-gc=0&side-by-side=1&strands-start-index=0,3469,371,
Turkish F-10 Sequence,Year 2,https://v9.australiancurriculum.edu.au/f-10-curriculum/learning-areas/turkish-f-10-sequence/year-2?view=quick&detailed-content-descriptions=0&hide-ccp=0&hide-gc=0&side-by-side=1&strands-start-index=0,3469,371,
Turkish F-10 Sequence,Year 3,https://v9.australiancurriculum.edu.au/f-10-curriculum/learning-areas/turkish-f-10-sequence/year-3?view=quick&detailed-content-descriptions=0&hide-ccp=0&hide-gc=0&side-by-side=1&strands-start-index=0,3469,397,
Turkish F-10 Sequence,Year 4,https://v9.australiancurriculum.edu.au/f-10-curriculum/learning-areas/turkish-f-10-sequence/year-4?view=quick&detailed-content-descriptions=0&hide-ccp=0&hide-gc=0&side-by-side=1&strands-start-index=0,3469,397,
Turkish F-10 Sequence,Year 5,https://v9.australiancurriculum.edu.au/f-10-curriculum/learning-areas/turkish-f-10-sequence/year-5?view=quick&detailed-content-descriptions=0&hide-ccp=0&hide-gc=0&side-by-side=1&strands-start-index=0,3469,356,
Turkish F-10 Sequence,Year 6,https://v9.australiancurriculum.edu.au/f-10-curriculum/learning-areas/turkish-f-10-sequence/year-6?view=quick&detailed-content-descriptions=0&hide-ccp=0&hide-gc=0&side-by-side=1&strands-start-index=0,3469,356,
Turkish F-10 Sequence,Year 7,https://v9.australiancurriculum.edu.au/f-10-curriculum/learning-areas/turkish-f-10-sequence/year-7?view=quick&detailed-content-descriptions=0&hide-ccp=0&hide-gc=0&side-by-side=1&strands-start-index=0,3469,337,
Turkish F-10 Sequence,Year 8,https://v9.australiancurriculum.edu.au/f-10-curriculum/learning-areas/turkish-f-10-sequence/year-8?view=quick&detailed-content-descriptions=0&hide-ccp=0&hide-gc=0&side-by-side=1&strands-start-index=0,3469,337,
Turkish F-10 Sequence,Year 9,https://v9.australiancurriculum.edu.au/f-10-curriculum/learning-areas/turkish-f-10-sequence/year-9?view=quick&detailed-content-descriptions=0&hide-ccp=0&hide-gc=0&side-by-side=1&strands-start-index=0,3469,381,
Turkish F-10 Sequence,Year 10,https://v9.australiancurriculum.edu.au/f-10-curriculum/learning-areas/turkish-f-10-sequence/year-10?view=quick&detailed-content-descriptions=0&hide-ccp=0&hide-gc=0&side-by-side=1&strands-start-index=0,3469,381,
Turkish 7-10 Sequence,Year 7,https://v9.australiancurriculum.edu.au/f-10-curriculum/learning-areas/turkish-7-10-sequence/year-7?view=quick&detailed-content-descriptions=0&hide-ccp=0&hide-gc=0&side-by-side=1&strands-start-index=0,3469,365,
Turkish 7-10 Sequence,Year 8,https://v9.australiancurriculum.edu.au/f-10-curriculum/learning-areas/turkish-7-10-sequence/year-8?view=quick&detailed-content-descriptions=0&hide-ccp=0&hide-gc=0&side-by-side=1&strands-start-index=0,3469,365,
Turkish 7-10 Sequence,Year 9,https://v9.australiancurriculum.edu.au/f-10-curriculum/learning-areas/turkish-7-10-sequence/year-9?view=quick&detailed-content-descriptions=0&hide-ccp=0&hide-gc=0&side-by-side=1&strands-start-index=0,3469,355,
Turkish 7-10 Sequence,Year 10,https://v9.australiancurriculum.edu.au/f-10-curriculum/learning-areas/turkish-7-10-sequence/year-10?view=quick&detailed-content-descriptions=0&hide-ccp=0&hide-gc=0&side-by-side=1&strands-start-index=0,3469,355,
Vietnamese F-10 Sequence,Foundation Year,https://v9.australiancurriculum.edu.au/f-10-curriculum/learning-areas/vietnamese-f-10-sequence/foundation-year?view=quick&detailed-content-descriptions=0&hide-ccp=0&hide-gc=0&side-by-side=1&strands-start-index=0,3469,254,
Vietnamese F-10 Sequence,Year 1,https://v9.australiancurriculum.edu.au/f-10-curriculum/learning-areas/vietnamese-f-10-sequence/year-1?view=quick&detailed-content-descriptions=0&hide-ccp=0&hide-gc=0&side-by-side=1&strands-start-index=0,3469,371,
Vietnamese F-10 Sequence,Year 2,https://v9.australiancurriculum.edu.au/f-10-curriculum/learning-areas/vietnamese-f-10-sequence/year-2?view=quick&detailed-content-descriptions=0&hide-ccp=0&hide-gc=0&side-by-side=1&strands-start-index=0,3469,371,
Vietnamese F-10 Sequence,Year 3,https://v9.australiancurriculum.edu.au/f-10-curriculum/learning-areas/vietnamese-f-10-sequence/year-3?view=quick&detailed-content-descriptions=0&hide-ccp=0&hide-gc=0&side-by-side=1&strands-start-index=0,3469,398,
Vietnamese F-10 Sequence,Year 4,https://v9.australiancurriculum.edu.au/f-10-curriculum/learning-areas/vietnamese-f-10-sequence/year-4?view=quick&detailed-content-descriptions=0&hide-ccp=0&hide-gc=0&side-by-side=1&strands-start-index=0,3469,398,
Vietnamese F-10 Sequence,Year 5,https://v9.australiancurriculum.edu.au/f-10-curriculum/learning-areas/vietnamese-f-10-sequence/year-5?view=quick&detailed-content-descriptions=0&hide-ccp=0&hide-gc=0&side-by-side=1&strands-start-index=0,3469,355,
Vietnamese F-10 Sequence,Year 6,https://v9.australiancurriculum.edu.au/f-10-curriculum/learning-areas/vietnamese-f-10-sequence/year-6?view=quick&detailed-content-descriptions=0&hide-ccp=0&hide-gc=0&side-by-side=1&strands-start-index=0,3469,355,
Vietnamese F-10 Sequence,Year 7,https://v9.australiancurriculum.edu.au/f-10-curriculum/learning-areas/vietnamese-f-10-sequence/year-7?view=quick&detailed-content-descriptions=0&hide-ccp=0&hide-gc=0&side-by-side=1&strands-start-index=0,3469,340,
Vietnamese F-10 Sequence,Year 8,https://v9.australiancurriculum.edu.au/f-10-curriculum/learning-areas/vietnamese-f-10-sequence/year-8?view=quick&detailed-content-descriptions=0&hide-ccp=0&hide-gc=0&side-by-side=1&strands-start-index=0,3469,340,
Vietnamese F-10 Sequence,Year 9,https://v9.australiancurriculum.edu.au/f-10-curriculum/learning-areas/vietnamese-f-10-sequence/year-9?view=quick&detailed-content-descriptions=0&hide-ccp=0&hide-gc=0&side-by-side=1&strands-start-index=0,3469,381,
Vietnamese F-10 Sequence,Year 10,https://v9.australiancurriculum.edu.au/f-10-curriculum/learning-areas/vietnamese-f-10-sequence/year-10?view=quick&detailed-content-descriptions=0&hide-ccp=0&hide-gc=0&side-by-side=1&strands-start-index=0,3469,381,
Vietnamese 7-10 Sequence,Year 7,https://v9.australiancurriculum.edu.au/f-10-curriculum/learning-areas/vietnamese-7-10-sequence/year-7?view=quick&detailed-content-descriptions=0&hide-ccp=0&hide-gc=0&side-by-side=1&strands-start-index=0,3469,373,
Vietnamese 7-10 Sequence,Year 8,https://v9.australiancurriculum.edu.au/f-10-curriculum/learning-areas/vietnamese-7-10-sequence/year-8?view=quick&detailed-content-descriptions=0&hide-ccp=0&hide-gc=0&side-by-side=1&strands-start-index=0,3469,373,
Vietnamese 7-10 Sequence,Year 9,https://v9.australiancurriculum.edu.au/f-10-curriculum/learning-areas/vietnamese-7-10-sequence/year-9?view=quick&detailed-content-descriptions=0&hide-ccp=0&hide-gc=0&side-by-side=1&strands-start-index=0,3469,358,
Vietnamese 7-10 Sequence,Year 10,https://v9.australiancurriculum.edu.au/f-10-curriculum/learning-areas/vietnamese-7-10-sequence/year-10?view=quick&detailed-content-descriptions=0&hide-ccp=0&hide-gc=0&side-by-side=1&strands-start-index=0,3469,358,
